Alt (m);Mach number;Throttle;Power (kW);SFC (gr/MJ);PCN HP;PCN LP;PCN PT;Inlet airflow (kg/s);Fuel flow (kg/s);eta;ISA dev C;P3 (bar);T3 (K);FAR;Residual thrust (N);;;;Power (kW)
0;0;0.090118897;100050;209.3304;0.74817;0.44813;0.9977;1.3629;0.020943;0.1107767;-10;6.6322;563.08;0.017074;177.25;;;;100.05
0;0;0.270293641;300080;114.0569;0.83569;0.6946;0.9988;2.1319;0.034226;0.2033101;-10;10.77;631.32;0.017838;417.74;;;;300.08
0;0;0.45037831;500010;93.0298;0.89022;0.82732;0.99931;2.6328;0.046516;0.2492636;-10;13.768;669.2;0.019631;649.43;;;;500.01
0;0;0.630517024;700000;83.8292;0.9335;0.90348;0.99964;3.0568;0.058681;0.276621;-10;16.426;696.22;0.02133;895.27;;;;700
0;0;0.810664745;900000;79.1518;0.96881;0.96251;0.99989;3.4532;0.071237;0.2929679;-10;18.994;719.3;0.022922;1168.13;;;;900
0;0;0.990812466;1100000;77.2299;1.0005;1.0106;1.0001;3.7977;0.084953;0.3002583;-10;21.436;744.84;0.024855;1462.31;;;;1100
0;0;1.170960187;1300000;76.4433;1.0307;1.0622;1.0003;4.1306;0.099376;0.3033483;-10;23.871;769.05;0.026732;1784.37;;;;1300
0;0.2;0.088544618;100020;207.6842;0.74503;0.44164;0.9977;1.369;0.020773;0.1116548;-10;6.6448;563.52;0.01686;86.15;;;;100.02
0;0.2;0.265580737;300000;113.3995;0.83335;0.68629;0.9988;2.1378;0.03402;0.2044889;-10;10.783;632.03;0.017682;275.4;;;;300
0;0.2;0.442634561;500000;92.54;0.88835;0.81948;0.99931;2.6395;0.04627;0.2505828;-10;13.784;670;0.019478;473.84;;;;500
0;0.2;0.619688385;700000;83.4697;0.93111;0.8982;0.99964;3.0625;0.058429;0.2778126;-10;16.442;697.31;0.021199;691.4;;;;700
0;0.2;0.79674221;900000;78.7861;0.96741;0.95447;0.99989;3.4625;0.070907;0.2943277;-10;19.019;719.96;0.022754;938.38;;;;900
0;0.2;0.973796034;1100000;76.8085;0.99809;1.0036;1.0001;3.8139;0.084489;0.3019057;-10;21.481;744.73;0.024615;1210.9;;;;1100
0;0.2;1.150849858;1300000;76.0473;1.0279;1.0533;1.0003;4.1488;0.098862;0.3049277;-10;23.923;768.75;0.026477;1511.56;;;;1300
0;0.4;0.252887128;300000;111.4095;0.82721;0.65798;0.9988;2.154;0.033423;0.2081413;-10;10.819;634.37;0.017242;131.96;;;;300
0;0.4;0.421478547;500000;91.0737;0.8834;0.79234;0.99931;2.6591;0.045537;0.2546171;-10;13.832;672.38;0.019028;297.3;;;;500
0;0.4;0.590069965;700000;82.2783;0.92337;0.87412;0.99964;3.0845;0.057595;0.2818354;-10;16.498;699.73;0.020748;487.24;;;;700
0;0.4;0.758661384;900000;77.7154;0.96169;0.93287;0.99989;3.4881;0.069944;0.2983828;-10;19.089;722.37;0.022281;708.19;;;;900
0;0.4;0.927252803;1100000;75.5547;0.99114;0.98581;1.0001;3.8618;0.08311;0.3069159;-10;21.614;744.63;0.023913;960.11;;;;1100
0;0.4;1.095844222;1300000;74.865;1.0199;1.0303;1.0003;4.2027;0.097325;0.3097432;-10;24.076;768.14;0.025732;1240.44;;;;1300
0;0.6;0.389863548;500000;88.5577;0.87172;0.73627;0.99931;2.6939;0.044279;0.2618511;-10;13.911;675.51;0.018266;117.08;;;;500
0;0.6;0.545808967;700000;80.2668;0.9137;0.8336;0.99964;3.122;0.056187;0.288898;-10;16.595;703.87;0.02;279.55;;;;700
0;0.6;0.701754386;900000;76.073;0.9493;0.90024;0.99989;3.5226;0.068466;0.3048248;-10;19.182;727.33;0.021599;474.29;;;;900
0;0.6;0.857699805;1100000;73.7809;0.98305;0.9513;1.0001;3.9191;0.081159;0.3142946;-10;21.776;747.46;0.02301;702.99;;;;1100
0;0.6;1.013645224;1300000;72.9127;1.0083;0.99981;1.0003;4.2902;0.094786;0.318037;-10;24.325;767.9;0.024552;963.45;;;;1300
1000;0;0.095914845;100020;198.0722;0.74337;0.4613;0.9977;1.2651;0.019811;0.1170731;-10;6.1723;559.59;0.0174;171.63;;;;100.02
1000;0;0.287686997;300000;108.8547;0.83401;0.71916;0.9988;2.0013;0.032657;0.2130265;-10;10.128;627.17;0.018131;411.47;;;;300
1000;0;0.479478328;500000;89.5245;0.89109;0.84551;0.99931;2.4871;0.044762;0.2590233;-10;13.036;664.99;0.019997;647.91;;;;500
1000;0;0.671269659;700000;81.266;0.9379;0.91842;0.99964;2.9103;0.056886;0.2853459;-10;15.677;692.1;0.021718;906.15;;;;700
1000;0;0.86306099;900000;77.7564;0.97501;0.97953;0.99989;3.2843;0.069981;0.2982255;-10;18.194;719.49;0.023675;1192.24;;;;900
1000;0;1.054852321;1100000;76.4464;1.0094;1.036;1.0001;3.6296;0.084091;0.3033358;-10;20.66;746.86;0.025743;1508.58;;;;1100
1000;0.2;0.094331793;100020;196.672;0.74018;0.45435;0.9977;1.2697;0.019671;0.1179066;-10;6.1821;560.19;0.017214;88.07;;;;100.02
1000;0.2;0.282938791;300000;108.2404;0.83171;0.70672;0.9988;2.0065;0.032472;0.2142354;-10;10.14;627.82;0.017982;279.43;;;;300
1000;0.2;0.471564652;500000;89.0946;0.88924;0.8372;0.99931;2.4927;0.044547;0.2602733;-10;13.051;665.85;0.019856;483.98;;;;500
1000;0.2;0.660190512;700000;80.939;0.93539;0.91175;0.99964;2.9155;0.056657;0.2864989;-10;15.692;693.16;0.021592;714.4;;;;700
1000;0.2;0.848816373;900000;77.328;0.97274;0.97362;0.99989;3.2981;0.069595;0.2998775;-10;18.231;719.46;0.023446;977.18;;;;900
1000;0.2;1.037442233;1100000;76.0481;1.0067;1.0279;1.0001;3.6454;0.083653;0.3049247;-10;20.704;746.61;0.025497;1271.54;;;;1100
1000;0.4;0.0899137;100020;192.2818;0.73008;0.43492;0.9977;1.285;0.019232;0.1205987;-10;6.214;561.72;0.016629;3.31;;;;100.02
1000;0.4;0.269687163;300000;106.373;0.8252;0.67842;0.9988;2.0224;0.031912;0.2179964;-10;10.175;629.83;0.017533;146.47;;;;300
1000;0.4;0.449478605;500000;87.7563;0.88394;0.813;0.99931;2.511;0.043878;0.2642424;-10;13.096;668.26;0.019416;319.45;;;;500
1000;0.4;0.629270047;700000;79.9542;0.92844;0.89513;0.99964;2.9312;0.055968;0.2900278;-10;15.735;696.43;0.021216;522.41;;;;700
1000;0.4;0.809061489;900000;76.1181;0.96691;0.95453;0.99989;3.3348;0.068506;0.304644;-10;18.331;720.06;0.022825;761.99;;;;900
1000;0.4;0.988852931;1100000;74.8665;0.99932;1.0063;1.0001;3.6919;0.082353;0.3097371;-10;20.835;746.2;0.024785;1035.72;;;;1100
1000;0.4;1.168644373;1300000;74.6736;1.0308;1.0593;1.0003;4.0325;0.097076;0.3105372;-10;23.324;771.52;0.026748;1341.28;;;;1300
1000;0.6;0.25;300000;103.5073;0.81605;0.62858;0.9988;2.0441;0.031052;0.224032;-10;10.222;634.09;0.01688;10.88;;;;300
1000;0.6;0.416666667;500000;85.4747;0.87397;0.76468;0.99931;2.5423;0.042737;0.2712958;-10;13.17;671.75;0.018681;151.62;;;;500
1000;0.6;0.583333333;700000;78.1152;0.91709;0.85576;0.99964;2.966;0.054681;0.2968557;-10;15.826;700.46;0.020486;327.94;;;;700
1000;0.6;0.75;900000;74.5496;0.95651;0.92267;0.99989;3.3699;0.067095;0.3110539;-10;18.428;724.74;0.022124;541.66;;;;900
1000;0.6;0.916666667;1100000;72.969;0.98885;0.97615;1.0001;3.7642;0.080266;0.3177917;-10;21.038;746.64;0.023695;794.71;;;;1100
1000;0.6;1.083333333;1300000;72.8368;1.0182;1.0227;1.0003;4.1182;0.094688;0.3183685;-10;23.574;770.7;0.025547;1081.63;;;;1300
2000;0;0.102562525;100020;187.3809;0.73642;0.47659;0.9977;1.1743;0.018742;0.1237529;-10;5.7448;556.04;0.017734;166.58;;;;100.02
2000;0;0.30762605;300000;103.9566;0.83261;0.7432;0.9988;1.8777;0.031187;0.2230636;-10;9.5215;622.8;0.018455;406.02;;;;300
2000;0;0.512710083;500000;86.3593;0.89319;0.86375;0.99931;2.3499;0.04318;0.2685168;-10;12.353;660.84;0.020417;648.93;;;;500
2000;0;0.717794116;700000;79.1555;0.94255;0.9403;0.99964;2.7721;0.055409;0.292954;-10;14.99;689.21;0.02221;922.69;;;;700
2000;0;0.922878149;900000;76.748;0.9827;1.0016;0.99989;3.1305;0.069073;0.3021439;-10;17.482;720.79;0.024517;1226.53;;;;900
2000;0;1.127962183;1100000;76.0378;1.0203;1.0692;1.0001;3.4735;0.083642;0.304966;-10;19.964;750.39;0.026757;1565.37;;;;1100
2000;0.2;0.100864234;100020;186.2461;0.73352;0.46916;0.9977;1.1779;0.018628;0.1245069;-10;5.7526;556.77;0.017572;89.97;;;;100.02
2000;0.2;0.302532194;300000;103.4047;0.83023;0.73228;0.9988;1.8824;0.031022;0.2242542;-10;9.5321;623.47;0.018311;283.68;;;;300
2000;0.2;0.504220324;500000;85.9654;0.89101;0.85569;0.99931;2.3551;0.042983;0.2697473;-10;12.366;661.66;0.020279;495.95;;;;500
2000;0.2;0.705908454;700000;78.7924;0.94119;0.93254;0.99964;2.7798;0.055155;0.294304;-10;15.01;689.81;0.022047;742.65;;;;700
2000;0.2;0.907596583;900000;76.3483;0.9803;0.99447;0.99989;3.1438;0.068714;0.3037254;-10;17.519;720.66;0.024285;1024.35;;;;900
2000;0.2;1.109284713;1100000;75.6456;1.0173;1.0594;1.0001;3.4904;0.08321;0.306547;-10;20.013;749.84;0.026489;1342.09;;;;1100
2000;0.4;0.096191575;100020;182.5353;0.72461;0.44848;0.9977;1.1901;0.018257;0.127038;-10;5.7781;558.61;0.017045;12.44;;;;100.02
2000;0.4;0.288517023;300000;101.7453;0.82385;0.69663;0.9988;1.8963;0.030524;0.2279116;-10;9.563;625.43;0.017885;160.58;;;;300
2000;0.4;0.480861704;500000;84.7772;0.88556;0.832;0.99931;2.3709;0.042389;0.2735278;-10;12.406;664.19;0.019865;342.57;;;;500
2000;0.4;0.673206386;700000;77.859;0.9337;0.91081;0.99964;2.7956;0.054501;0.2978324;-10;15.054;692.79;0.021662;562.12;;;;700
2000;0.4;0.865551068;900000;75.1407;0.97346;0.97569;0.99989;3.1834;0.067627;0.308607;-10;17.628;720.45;0.023604;822.95;;;;900
2000;0.4;1.057895749;1100000;74.5302;1.0093;1.0333;1.0001;3.5359;0.081983;0.3111347;-10;20.144;749.04;0.025762;1120.31;;;;1100
2000;0.6;0.268048606;300000;99.0267;0.81417;0.65111;0.9988;1.9185;0.029708;0.2341686;-10;9.6122;629.25;0.017207;34.99;;;;300
2000;0.6;0.446747677;500000;82.7101;0.87734;0.79077;0.99931;2.3996;0.041355;0.2803638;-10;12.478;668.01;0.019149;186.54;;;;500
2000;0.6;0.625446748;700000;76.2639;0.92212;0.87901;0.99964;2.8235;0.053385;0.3040617;-10;15.13;697.53;0.021009;379.47;;;;700
2000;0.6;0.804145818;900000;73.3317;0.96484;0.94323;0.99989;3.2377;0.065999;0.3162197;-10;17.781;722.15;0.022647;616.93;;;;900
2000;0.6;0.982844889;1100000;72.7005;0.99759;0.99977;1.0001;3.6095;0.079971;0.3189651;-10;20.355;748.56;0.024618;894.34;;;;1100
2000;0.6;1.16154396;1300000;73.2487;1.0306;1.0531;1.0003;3.9653;0.095223;0.3165782;-10;22.948;775.21;0.026683;1220.24;;;;1300
3000;0;0.11001969;100020;177.2974;0.72884;0.49089;0.9977;1.0851;0.017733;0.1307912;-10;5.3276;552.03;0.018159;161.09;;;;100.02
3000;0;0.32999307;300000;99.4921;0.83197;0.76483;0.9988;1.7606;0.029848;0.2330731;-10;8.9526;618.78;0.018838;401.8;;;;300
3000;0;0.54998845;500000;83.4731;0.8965;0.87853;0.99931;2.2239;0.041737;0.2778012;-10;11.726;656.81;0.020854;653.54;;;;500
3000;0;0.76998383;700000;77.7026;0.94853;0.95745;0.99964;2.6298;0.054392;0.2984319;-10;14.328;689.4;0.022982;942.41;;;;700
3000;0;0.98997921;900000;76.0727;0.99202;1.0309;0.99989;2.9899;0.068465;0.304826;-10;16.849;723.22;0.025445;1270.25;;;;900
3000;0;1.209974591;1100000;76.4219;1.0355;1.1;1.0001;3.3094;0.084064;0.3034332;-10;19.302;758.84;0.028225;1633.81;;;;1100
3000;0.2;0.108274877;100020;176.3127;0.72627;0.483;0.9977;1.0878;0.017635;0.1315216;-10;5.3328;552.81;0.018014;91.13;;;;100.02
3000;0.2;0.324759678;300000;98.9756;0.82948;0.75617;0.9988;1.7652;0.029693;0.2342895;-10;8.9632;619.37;0.01869;288.54;;;;300
3000;0.2;0.54126613;500000;83.1366;0.89426;0.87332;0.99931;2.228;0.041568;0.2789257;-10;11.737;657.81;0.020731;510.55;;;;500
3000;0.2;0.757772582;700000;77.2862;0.94636;0.95172;0.99964;2.6408;0.0541;0.3000399;-10;14.357;689.36;0.022764;774.4;;;;700
3000;0.2;0.974279034;900000;75.6963;0.98947;1.0222;0.99989;3.0027;0.068127;0.3063418;-10;16.885;722.99;0.025211;1079.81;;;;900
3000;0.2;1.190785485;1100000;75.921;1.0319;1.0945;1.0001;3.336;0.083513;0.3054351;-10;19.381;756.77;0.027817;1426.9;;;;1100
3000;0.4;0.103305102;100020;173.196;0.71834;0.46124;0.9977;1.0974;0.017323;0.1338884;-10;5.3531;554.88;0.017539;20.53;;;;100.02
3000;0.4;0.309853336;300000;97.4442;0.82272;0.72451;0.9988;1.7784;0.029233;0.2379714;-10;8.9928;621.23;0.018265;174.63;;;;300
3000;0.4;0.516422227;500000;82.0703;0.88789;0.85223;0.99931;2.242;0.041035;0.2825495;-10;11.774;660.38;0.020337;367.41;;;;500
3000;0.4;0.722991118;700000;76.0965;0.94061;0.93358;0.99964;2.6707;0.053268;0.3047306;-10;14.438;689.83;0.022162;606.41;;;;700
3000;0.4;0.929560008;900000;74.583;0.98226;0.99913;0.99989;3.0404;0.067125;0.3109145;-10;16.991;722.55;0.024531;890.8;;;;900
3000;0.4;1.136128899;1100000;74.6881;1.0219;1.0697;1.0001;3.3946;0.082157;0.3104771;-10;19.553;753.77;0.026892;1222;;;;1100
3000;0.6;0.288406076;300000;94.9554;0.813;0.67342;0.9988;1.7989;0.028487;0.2442086;-10;9.0383;624.68;0.017595;58.49;;;;300
3000;0.6;0.480676793;500000;80.199;0.87938;0.81433;0.99931;2.2681;0.040099;0.2891425;-10;11.841;664.32;0.019644;222.11;;;;500
3000;0.6;0.67294751;700000;74.6825;0.92889;0.90154;0.99964;2.6947;0.052278;0.3105001;-10;14.506;694.93;0.021556;434.73;;;;700
3000;0.6;0.865218227;900000;72.7079;0.97133;0.96933;0.99989;3.1033;0.065437;0.318933;-10;17.168;722.29;0.023429;698.12;;;;900
3000;0.6;1.057488944;1100000;72.9446;1.009;1.0282;1.0001;3.4686;0.080239;0.3178977;-10;19.771;752.45;0.025704;1010.9;;;;1100
4000;0;0.118718101;100020;168.0567;0.72028;0.50652;0.9977;1.0016;0.016809;0.1379828;-10;4.9398;548.42;0.018647;156.15;;;;100.02
4000;0;0.356083086;300000;95.4397;0.83271;0.78345;0.9988;1.6475;0.028632;0.2429695;-10;8.4096;614.88;0.019311;398.13;;;;300
4000;0;0.59347181;500000;80.9836;0.90104;0.89647;0.99931;2.1101;0.040492;0.2863409;-10;11.166;653.28;0.021325;663.54;;;;500
4000;0;0.830860534;700000;76.6881;0.95619;0.98012;0.99964;2.5009;0.053682;0.3023799;-10;13.744;690.85;0.023853;971.18;;;;700
4000;0;1.068249258;900000;75.9175;1.0041;1.0677;0.99989;2.8568;0.068326;0.3054492;-10;16.283;727.98;0.026575;1324.81;;;;900
4000;0.2;0.116729883;100020;167.2367;0.71806;0.49828;0.9977;1.0036;0.016727;0.1386594;-10;4.9437;549.31;0.01852;92.39;;;;100.02
4000;0.2;0.350119624;300000;94.9679;0.83008;0.7755;0.9988;1.6517;0.02849;0.2441767;-10;8.4193;615.45;0.019167;293.5;;;;300
4000;0.2;0.583532707;500000;80.6712;0.89858;0.88899;0.99931;2.1141;0.040336;0.2874499;-10;11.176;654.15;0.021201;529.69;;;;500
4000;0.2;0.81694579;700000;76.2984;0.95387;0.97317;0.99964;2.5115;0.053409;0.3039243;-10;13.774;690.7;0.023631;813.73;;;;700
4000;0.2;1.050358873;900000;75.5007;1.0011;1.0584;0.99989;2.8723;0.067951;0.3071353;-10;16.325;727.19;0.02629;1145.9;;;;900
4000;0.4;0.111455315;100020;164.6311;0.71121;0.4753;0.9977;1.0108;0.016467;0.1408539;-10;4.9584;551.61;0.018101;28.15;;;;100.02
4000;0.4;0.334299086;300000;93.5481;0.82282;0.74964;0.9988;1.6648;0.028065;0.2478824;-10;8.4501;617.2;0.018731;188.47;;;;300
4000;0.4;0.557165144;500000;79.7424;0.89183;0.87219;0.99931;2.1256;0.039871;0.290798;-10;11.208;657.02;0.020842;395.75;;;;500
4000;0.4;0.780031201;700000;75.1313;0.94731;0.95473;0.99964;2.5433;0.052592;0.3086455;-10;13.861;690.43;0.022977;657.11;;;;700
4000;0.4;1.002897259;900000;74.4223;0.99304;1.0308;0.99989;2.9115;0.06698;0.3115856;-10;16.439;726.02;0.025563;969.19;;;;900
4000;0.6;0.31144886;300000;91.259;0.81284;0.69326;0.9988;1.6844;0.027378;0.2541001;-10;8.4942;620.32;0.01806;81.31;;;;300
4000;0.6;0.519081433;500000;78.0828;0.88251;0.83677;0.99931;2.1484;0.039041;0.2969788;-10;11.268;661.15;0.020191;260.24;;;;500
4000;0.6;0.726714007;700000;73.4382;0.93671;0.92313;0.99964;2.5833;0.051407;0.3157612;-10;13.971;692.44;0.02211;496.51;;;;700
4000;0.6;0.93434658;900000;72.6874;0.98144;0.99381;0.99989;2.9721;0.065419;0.3190228;-10;16.613;725.33;0.024457;789.2;;;;900
4000;0.6;1.141979154;1100000;73.7938;1.0234;1.0671;1.0001;3.345;0.081173;0.3142394;-10;19.307;758.5;0.026964;1148.24;;;;1100
5000;0;0.129026848;100010;159.4395;0.71113;0.52237;0.9977;0.92226;0.015945;0.1454403;-10;4.5732;544.87;0.019211;151.37;;;;100.01
5000;0;0.387041839;300000;91.7783;0.83422;0.80131;0.9988;1.5422;0.027534;0.2526624;-10;7.9077;611.49;0.019841;396.32;;;;300
5000;0;0.645069732;500000;78.9303;0.90806;0.91725;0.99931;2.0025;0.039465;0.2937899;-10;10.65;650.95;0.021902;677.64;;;;500
5000;0;0.903097625;700000;76.0417;0.96562;1.0105;0.99964;2.383;0.053229;0.3049504;-10;13.226;693.59;0.024825;1007.77;;;;700
5000;0;1.161125518;900000;76.9831;1.0224;1.0959;0.99989;2.6987;0.069285;0.301221;-10;15.701;741.7;0.028525;1386.32;;;;900
5000;0.2;0.126742536;100010;158.7981;0.70932;0.51376;0.9977;0.92358;0.015881;0.1460278;-10;4.5758;545.85;0.019106;93.43;;;;100.01
5000;0.2;0.380189588;300000;91.3743;0.83178;0.7935;0.9988;1.5458;0.027412;0.2537797;-10;7.9173;612.07;0.019704;299.77;;;;300
5000;0.2;0.633649313;500000;78.6067;0.90483;0.91169;0.99931;2.0084;0.039303;0.2949993;-10;10.668;651.46;0.021744;552.9;;;;500
5000;0.2;0.887109038;700000;75.6707;0.96319;1.002;0.99964;2.3934;0.052969;0.3064454;-10;13.255;693.33;0.024596;860;;;;700
5000;0.2;1.140568764;900000;76.428;1.018;1.0879;0.99989;2.7252;0.068785;0.303409;-10;15.778;738.72;0.028045;1223.5;;;;900
5000;0.4;0.120836505;100020;156.6146;0.70343;0.48965;0.9977;0.92874;0.015665;0.1480636;-10;4.5864;548.41;0.018738;35.16;;;;100.02
5000;0.4;0.362437027;300000;90.0432;0.82401;0.77064;0.9988;1.5584;0.027013;0.2575311;-10;7.9466;613.71;0.019262;202.79;;;;300
5000;0.4;0.604061711;500000;77.708;0.89725;0.88972;0.99931;2.0203;0.038854;0.2984113;-10;10.698;653.93;0.021371;427.35;;;;500
5000;0.4;0.845686395;700000;74.5822;0.95617;0.9791;0.99964;2.4239;0.052208;0.3109178;-10;13.34;692.74;0.023934;713.47;;;;700
5000;0.4;1.08731108;900000;74.9643;1.0073;1.0715;0.99989;2.7922;0.067468;0.309333;-10;15.974;732.44;0.026848;1065.11;;;;900
5000;0.6;0.337795994;300000;87.8982;0.81315;0.72374;0.9988;1.5778;0.02637;0.2638159;-10;7.9919;616.46;0.018569;103.98;;;;300
5000;0.6;0.562993323;500000;76.2415;0.88668;0.8612;0.99931;2.0398;0.038121;0.3041512;-10;10.752;658.35;0.020765;300.7;;;;500
5000;0.6;0.788190652;700000;72.7749;0.94567;0.94968;0.99964;2.4742;0.050942;0.3186389;-10;13.481;692.39;0.022877;564.23;;;;700
5000;0.6;1.013387981;900000;73.2329;0.99413;1.028;0.99989;2.8577;0.06591;0.3166462;-10;16.166;730.23;0.025628;897.66;;;;900
6000;0;0.142338675;100010;151.3905;0.70149;0.53774;0.9977;0.84673;0.01514;0.153173;-10;4.2257;541.22;0.019868;146.68;;;;100.01
6000;0;0.426973328;300000;88.4919;0.83502;0.81894;0.9988;1.4434;0.026548;0.2620459;-10;7.4398;608.01;0.020443;396.22;;;;300
6000;0;0.711622214;500000;77.548;0.91501;0.93693;0.99931;1.8964;0.038774;0.2990267;-10;10.17;651.38;0.022725;696.12;;;;500
6000;0;0.9962711;700000;76.1384;0.97827;1.0454;0.99964;2.2648;0.053297;0.3045627;-10;12.751;700.41;0.026148;1053.14;;;;700
6000;0;1.280919985;900000;79.1685;1.0468;1.1361;0.99989;2.5347;0.071252;0.2929061;-10;15.16;763.59;0.031233;1462.36;;;;900
6000;0.2;0.139439231;100010;150.8811;0.70008;0.5289;0.9977;0.84754;0.015089;0.1536901;-10;4.2272;542.3;0.019782;94.19;;;;100.01
6000;0.2;0.418275867;300000;88.1105;0.83344;0.81151;0.9988;1.4467;0.026433;0.26318;-10;7.4481;608.69;0.020307;307;;;;300
6000;0.2;0.697126445;500000;77.1757;0.91297;0.9308;0.99931;1.9042;0.038588;0.3004693;-10;10.192;651.33;0.022522;579.86;;;;500
6000;0.2;0.975977023;700000;75.6338;0.97501;1.039;0.99964;2.2815;0.052944;0.3065947;-10;12.793;698.67;0.025794;915.66;;;;700
6000;0.2;1.254827601;900000;78.5838;1.0422;1.1281;0.99989;2.5627;0.070725;0.2950854;-10;15.243;759.69;0.030664;1313.39;;;;900
6000;0.4;0.132043834;100010;149.2852;0.69337;0.50388;0.9977;0.85036;0.01493;0.1553331;-10;4.2324;545.24;0.019508;41.52;;;;100.01
6000;0.4;0.396091893;300000;86.9481;0.82668;0.78967;0.9988;1.4577;0.026084;0.2666986;-10;7.4759;610.44;0.019884;217.72;;;;300
6000;0.4;0.660153156;500000;76.1529;0.90528;0.91418;0.99931;1.924;0.038076;0.3045049;-10;10.246;652.08;0.021993;463.92;;;;500
6000;0.4;0.924214418;700000;74.5268;0.96736;1.0125;0.99964;2.3169;0.052169;0.3111491;-10;12.895;696.67;0.025022;780.28;;;;700
6000;0.4;1.18827568;900000;76.871;1.0287;1.1043;0.99989;2.6435;0.069184;0.3016604;-10;15.485;749.21;0.029078;1172.73;;;;900
6000;0.6;0.36819755;300000;84.9476;0.81478;0.75102;0.9988;1.4773;0.025484;0.2729792;-10;7.5236;612.94;0.019167;126.83;;;;300
6000;0.6;0.613662584;500000;74.7663;0.89303;0.88112;0.99931;1.9438;0.037383;0.3101523;-10;10.301;655.94;0.02137;345.37;;;;500
6000;0.6;0.859127617;700000;72.8309;0.95606;0.9757;0.99964;2.3659;0.050982;0.318394;-10;13.036;695.77;0.023945;641.33;;;;700
6000;0.6;1.104592651;900000;74.5592;1.0107;1.0747;0.99989;2.7578;0.067103;0.3110137;-10;15.828;738.06;0.02704;1029.42;;;;900
7000;0;0.158231153;100010;144.151;0.69024;0.55337;0.9977;0.77516;0.014416;0.1608655;-10;3.8999;538;0.020664;142.36;;;;100.01
7000;0;0.474645993;300000;85.6059;0.83678;0.83347;0.9988;1.3534;0.025682;0.2708801;-10;7.0193;604.94;0.021083;399.29;;;;300
7000;0;0.791076655;500000;76.7134;0.9232;0.96372;0.99931;1.7986;0.038357;0.30228;-10;9.7487;653.62;0.023696;721.78;;;;500
7000;0;1.107507317;700000;77.4062;0.99751;1.0771;0.99964;2.1329;0.054184;0.2995746;-10;12.282;715.4;0.028226;1106.4;;;;700
7000;0.2;0.154941361;100010;143.7386;0.68803;0.54409;0.9977;0.7756;0.014375;0.1613271;-10;3.9005;539.06;0.020594;94.95;;;;100.01
7000;0.2;0.464777604;300000;85.2781;0.83515;0.82878;0.9988;1.3563;0.025583;0.2719211;-10;7.0268;605.73;0.020958;316.82;;;;300
7000;0.2;0.77462934;500000;76.34;0.92085;0.95593;0.99931;1.8067;0.03817;0.3037587;-10;9.7708;653.28;0.023473;613.24;;;;500
7000;0.2;1.084481076;700000;76.8793;0.99346;1.0692;0.99964;2.1535;0.053816;0.3016278;-10;12.342;712.54;0.027766;981.37;;;;700
7000;0.4;0.146027713;100010;142.5162;0.68188;0.51832;0.9977;0.77687;0.014253;0.1627109;-10;3.9024;542.31;0.020385;47.46;;;;100.01
7000;0.4;0.438039336;300000;84.2571;0.83043;0.80972;0.9988;1.3658;0.025277;0.2752165;-10;7.0507;607.82;0.020564;234.31;;;;300
7000;0.4;0.73006556;500000;75.2796;0.91484;0.93636;0.99931;1.8288;0.03764;0.3080372;-10;9.8303;653.08;0.022869;505.25;;;;500
7000;0.4;1.022091784;700000;75.3772;0.98259;1.0507;0.99964;2.209;0.052764;0.3076387;-10;12.498;705.69;0.026547;859.91;;;;700
7000;0.6;0.404241844;300000;82.3705;0.81785;0.77465;0.9988;1.3838;0.024711;0.2815199;-10;7.0931;610.13;0.019842;150.24;;;;300
7000;0.6;0.673736407;500000;73.7031;0.90191;0.90838;0.99931;1.8585;0.036852;0.3146265;-10;9.9103;654.53;0.022035;394.96;;;;500
7000;0.6;0.94323097;700000;73.5417;0.96941;1.0124;0.99964;2.2718;0.051479;0.3153169;-10;12.682;701.3;0.025182;733.63;;;;700
7000;0.6;1.212725533;900000;77.0974;1.0345;1.1108;0.99989;2.6162;0.069388;0.3007744;-10;15.402;756.81;0.029476;1157.26;;;;900
8000;0;0.176893008;100010;137.5182;0.67662;0.56812;0.9977;0.70599;0.013753;0.1686245;-10;3.5875;534.65;0.021645;137.92;;;;100.01
8000;0;0.530625962;300000;83.1345;0.83984;0.851;0.9988;1.2726;0.02494;0.2789327;-10;6.6433;602.52;0.021776;405.94;;;;300
8000;0;0.884376603;500000;76.5568;0.93407;0.99747;0.99931;1.7024;0.038278;0.3028985;-10;9.3598;659.5;0.024984;752.74;;;;500
8000;0;1.238127244;700000;79.9839;1.0237;1.1185;0.99964;1.9932;0.055989;0.2899201;-10;11.841;740.14;0.031211;1172.32;;;;700
8000;0.2;0.173237485;100010;137.2036;0.67494;0.55846;0.9977;0.70607;0.013722;0.1690111;-10;3.5875;535.84;0.021593;95.34;;;;100.01
8000;0.2;0.519660488;300000;82.8372;0.83806;0.84417;0.9988;1.2752;0.024851;0.2799337;-10;6.6502;603.23;0.021653;329.53;;;;300
8000;0.2;0.866100814;500000;76.1325;0.93155;0.98937;0.99931;1.7131;0.038066;0.3045864;-10;9.3891;658.36;0.02469;652.3;;;;500
8000;0.2;1.21254114;700000;79.34;1.019;1.1117;0.99964;2.0193;0.055538;0.2922728;-10;11.919;735.26;0.030558;1059.98;;;;700
8000;0.4;0.163201697;100010;136.1728;0.66957;0.53169;0.9977;0.70688;0.013618;0.1702905;-10;3.5884;539.08;0.021406;52.73;;;;100.01
8000;0.4;0.489556136;300000;81.9375;0.83315;0.82859;0.9988;1.2833;0.024581;0.2830076;-10;6.6713;605.47;0.021282;253.15;;;;300
8000;0.4;0.815926893;500000;74.996;0.92461;0.96597;0.99931;1.74;0.037498;0.3092023;-10;9.463;656.4;0.023945;552.92;;;;500
8000;0.4;1.14229765;700000;77.699;1.0057;1.0891;0.99964;2.0859;0.054389;0.2984456;-10;12.119;724.49;0.028971;954.47;;;;700
8000;0.6;0.14943147;100010;134.2395;0.65755;0.49319;0.9977;0.70952;0.013425;0.1727429;-10;3.5928;543.87;0.021024;9.87;;;;100.01
8000;0.6;0.448249585;300000;80.2859;0.82294;0.79749;0.9988;1.2993;0.024086;0.2888293;-10;6.7104;608.26;0.0206;175.66;;;;300
8000;0.6;0.747082642;500000;73.2989;0.91456;0.93361;0.99931;1.7759;0.036649;0.3163611;-10;9.5587;655.76;0.022936;450.5;;;;500
8000;0.6;1.045915699;700000;75.329;0.98764;1.0563;0.99964;2.179;0.05273;0.3078355;-10;12.391;712.49;0.026896;844.72;;;;700
0;0;0.099980008;100020;211.7638;0.76022;0.45292;0.9977;1.3308;0.021181;0.1095038;0;6.5747;580.89;0.017684;174.91;;;;100.02
0;0;0.299960016;300080;115.2666;0.84904;0.70298;0.9988;2.0798;0.034589;0.2011765;0;10.667;651.17;0.018478;411.91;;;;300.08
0;0;0.499920032;500120;93.9349;0.90415;0.83798;0.99931;2.5675;0.046979;0.2468617;0;13.628;690.07;0.020331;640.08;;;;500.12
0;0;0.699880048;700160;84.6336;0.94782;0.91625;0.99964;2.9794;0.059257;0.273992;0;16.252;717.85;0.022099;882.05;;;;700.16
0;0;0.899840064;900200;79.8753;0.98392;0.9749;0.99989;3.3652;0.071904;0.2903143;0;18.785;741.29;0.023741;1150.46;;;;900.2
0;0;1;1000400;78.87550882;0.999823487;0.999498196;0.999995421;3.534224749;0.078806555;0.294041027;0;19.99583367;754.2166032;0.024728442;1295.71486;;;;
0;0;1.099360256;1099800;77.8837;1.0156;1.0239;1.0001;3.7019;0.085654;0.297738;0;21.197;767.04;0.025708;1439.81;;;;1099.8
0;0.2;0.09820324;100020;209.985;0.75691;0.44636;0.9977;1.3368;0.021003;0.1104314;0;6.5868;581.31;0.017457;84.35;;;;100.02
0;0.2;0.29455081;300000;114.5928;0.84665;0.69463;0.9988;2.0857;0.034378;0.2023595;0;10.68;651.9;0.018315;270.59;;;;300
0;0.2;0.490918017;500000;93.4585;0.9023;0.82957;0.99931;2.574;0.046729;0.2481202;0;13.645;690.9;0.020171;465.78;;;;500
0;0.2;0.687285223;700000;84.2755;0.94531;0.90992;0.99964;2.9854;0.058993;0.2751564;0;16.268;718.89;0.021956;679.8;;;;700
0;0.2;0.88365243;900000;79.5109;0.98244;0.96692;0.99989;3.3746;0.07156;0.2916447;0;18.811;741.95;0.023561;922.58;;;;900
0;0.2;1.080019637;1100000;77.442;1.0131;1.0173;1.0001;3.7175;0.085186;0.2994359;0;21.241;766.97;0.025461;1190.3;;;;1100
0;0.4;0.279876854;300000;112.5899;0.84051;0.6649;0.9988;2.1012;0.033777;0.2059592;0;10.715;654.35;0.017862;128.17;;;;300
0;0.4;0.466461424;500000;91.9604;0.89732;0.80214;0.99931;2.5937;0.04598;0.2521621;0;13.694;693.32;0.019698;290.64;;;;500
0;0.4;0.653045993;700000;83.0455;0.93739;0.88542;0.99964;3.007;0.058132;0.2792317;0;16.324;721.3;0.021481;477.09;;;;700
0;0.4;0.839630563;900000;78.4399;0.9763;0.94579;0.99989;3.3983;0.070596;0.2956268;0;18.877;744.63;0.023083;694.12;;;;900
0;0.4;1.026215132;1100000;76.162;1.0061;0.99936;1.0001;3.7645;0.083778;0.3044683;0;21.372;766.85;0.024728;941.4;;;;1100
0;0.6;0.436681223;500000;89.3901;0.88515;0.74393;0.99931;2.6281;0.044695;0.2594127;0;13.773;696.47;0.0189;111.6;;;;500
0;0.6;0.611353712;700000;80.9971;0.92772;0.84349;0.99964;3.0429;0.056698;0.2862935;0;16.416;725.56;0.020707;270.71;;;;700
0;0.6;0.786026201;900000;76.7418;0.96356;0.91171;0.99989;3.4333;0.069068;0.302168;0;18.972;749.57;0.022356;462.03;;;;900
0;0.6;0.96069869;1100000;74.42;0.9978;0.96422;1.0001;3.8166;0.081862;0.3115956;0;21.519;770.27;0.023835;685.84;;;;1100
0;0.6;1.135371179;1300000;73.4788;1.0235;1.0132;1.0003;4.1801;0.095522;0.3155868;0;24.044;790.74;0.025391;942.12;;;;1300
1000;0;0.106505095;100020;200.3349;0.75592;0.46626;0.9977;1.2345;0.020038;0.1157509;0;6.1168;577.75;0.018035;169.29;;;;100.02
1000;0;0.319451395;300000;110.0171;0.84759;0.72677;0.9988;1.9514;0.033005;0.2107758;0;10.029;647.39;0.018793;405.67;;;;300
1000;0;0.532418992;500000;90.4104;0.90533;0.85652;0.99931;2.4234;0.045205;0.2564853;0;12.898;686.22;0.020726;638.14;;;;500
1000;0;0.745386589;700000;82.0501;0.95243;0.93075;0.99964;2.8344;0.057435;0.2826193;0;15.503;714.02;0.022515;892.14;;;;700
1000;0;0.958354186;900000;78.4323;0.99013;0.99329;0.99989;3.1998;0.070589;0.2956554;0;17.989;741.65;0.024511;1173.73;;;;900
1000;0;1.171321783;1100000;77.0633;1.0248;1.0493;1.0001;3.5351;0.08477;0.3009076;0;20.417;769.5;0.026644;1484.34;;;;1100
1000;0.2;0.104662844;100020;198.8772;0.7526;0.45926;0.9977;1.2391;0.019892;0.1165992;0;6.1265;578.33;0.017837;86.26;;;;100.02
1000;0.2;0.313925746;300000;109.3817;0.8452;0.71428;0.9988;1.9567;0.032815;0.212;0;10.041;648.03;0.018634;274.58;;;;300
1000;0.2;0.523209577;500000;89.9708;0.90346;0.84811;0.99931;2.4291;0.044985;0.2577384;0;12.912;687.1;0.020577;475.53;;;;500
1000;0.2;0.732493408;700000;81.7249;0.95003;0.92472;0.99964;2.839;0.057207;0.2837437;0;15.516;715.2;0.02239;701.9;;;;700
1000;0.2;0.941777238;900000;77.9935;0.98781;0.98734;0.99989;3.2133;0.070194;0.2973188;0;18.025;741.6;0.024272;960.34;;;;900
1000;0.2;1.151061069;1100000;76.6622;1.0221;1.0416;1.0001;3.5504;0.084328;0.3024819;0;20.461;769.28;0.02639;1249.3;;;;1100
1000;0.4;0.099522388;100020;194.2966;0.74208;0.4396;0.9977;1.254;0.019434;0.1193481;0;6.157;579.8;0.017219;1.95;;;;100.02
1000;0.4;0.298507463;300000;107.4699;0.83857;0.68702;0.9988;1.9724;0.032241;0.2157714;0;10.076;650.1;0.018163;142.54;;;;300
1000;0.4;0.497512438;500000;88.6062;0.89813;0.82308;0.99931;2.447;0.044303;0.2617078;0;12.958;689.58;0.020117;312.27;;;;500
1000;0.4;0.696517413;700000;80.6988;0.94281;0.90668;0.99964;2.8549;0.056489;0.2873517;0;15.559;718.41;0.021986;511.43;;;;700
1000;0.4;0.895522388;900000;76.795;0.98222;0.96711;0.99989;3.2473;0.069116;0.3019588;0;18.119;742.51;0.023649;746.63;;;;900
1000;0.4;1.094527363;1100000;75.4632;1.0147;1.0201;1.0001;3.5955;0.083009;0.3072881;0;20.589;768.92;0.025653;1015.3;;;;1100
1000;0.6;0.277829228;300000;104.6043;0.82951;0.63539;0.9988;1.9928;0.031381;0.2216825;0;10.121;654.67;0.017498;7.96;;;;300
1000;0.6;0.463048713;500000;86.2741;0.88776;0.77344;0.99931;2.4783;0.043137;0.268782;0;13.033;693.09;0.019342;145.74;;;;500
1000;0.6;0.648268198;700000;78.8067;0.93144;0.86667;0.99964;2.8887;0.055165;0.2942507;0;15.647;722.53;0.021221;318.25;;;;700
1000;0.6;0.833487683;900000;75.2139;0.97125;0.93574;0.99989;3.2804;0.067693;0.3083065;0;18.213;747.5;0.02293;528.09;;;;900
1000;0.6;1.018707168;1100000;73.5624;1.0044;0.98874;1.0001;3.6638;0.080919;0.3152278;0;20.784;769.68;0.024542;776;;;;1100
2000;0;0.113989401;100020;189.5752;0.74938;0.48177;0.9977;1.1451;0.018961;0.1223205;0;5.6916;574.61;0.018399;164.25;;;;100.02
2000;0;0.341899823;300000;105.0722;0.84642;0.75178;0.9988;1.8292;0.031522;0.2206952;0;9.4232;643.36;0.019148;400.02;;;;300
2000;0;0.569833039;500000;87.2008;0.9075;0.87535;0.99931;2.2879;0.0436;0.2659258;0;12.216;682.4;0.021175;638.74;;;;500
2000;0;0.797766254;700000;79.9071;0.95795;0.95305;0.99964;2.6981;0.055935;0.2901986;0;14.817;711.41;0.023035;908.07;;;;700
2000;0;1.02569947;900000;77.3919;0.99817;1.0154;0.99989;3.0473;0.069653;0.29963;0;17.274;743.39;0.025398;1206.53;;;;900
2000;0.2;0.112000717;100020;188.3894;0.74629;0.47421;0.9977;1.1485;0.018843;0.1230904;0;5.6985;575.32;0.01823;88.12;;;;100.02
2000;0.2;0.335934963;300000;104.4953;0.844;0.74077;0.9988;1.8339;0.031349;0.2219136;0;9.4337;644.02;0.018993;278.58;;;;300
2000;0.2;0.559891605;500000;86.8032;0.90548;0.86722;0.99931;2.2929;0.043402;0.2671436;0;12.229;683.3;0.021032;487;;;;500
2000;0.2;0.783848247;700000;79.5443;0.95626;0.94516;0.99964;2.705;0.055681;0.2915223;0;14.836;712.14;0.022872;729.45;;;;700
2000;0.2;1.007804889;900000;76.9826;0.99572;1.0082;0.99989;3.0603;0.069284;0.3012229;0;17.311;743.25;0.025156;1006.01;;;;900
2000;0.4;0.106540264;100020;184.531;0.73703;0.45336;0.9977;1.1606;0.018457;0.1256641;0;5.7237;577.13;0.01767;11.06;;;;100.02
2000;0.4;0.319556881;300000;102.7843;0.8375;0.70406;0.9988;1.8476;0.030835;0.2256076;0;9.4624;646;0.018547;156.25;;;;300
2000;0.4;0.532594802;500000;85.588;0.89996;0.84305;0.99931;2.3085;0.042794;0.2709368;0;12.269;685.87;0.020597;334.85;;;;500
2000;0.4;0.745632723;700000;78.6012;0.94859;0.92397;0.99964;2.7197;0.055021;0.29502;0;14.877;715.3;0.022478;550.3;;;;700
2000;0.4;0.958670643;900000;75.764;0.98881;0.98962;0.99989;3.0987;0.068188;0.306068;0;17.418;743.08;0.02445;806.24;;;;900
2000;0.4;1.171708564;1100000;75.1051;1.025;1.0472;1.0001;3.4407;0.082616;0.308753;0;19.894;772.23;0.026679;1097.95;;;;1100
2000;0.6;0.295566502;300000;100.032;0.82771;0.65835;0.9988;1.8692;0.03001;0.2318152;0;9.513;650;0.01784;31.71;;;;300
2000;0.6;0.492610837;500000;83.4791;0.89127;0.80082;0.99931;2.3369;0.04174;0.2777814;0;12.34;689.72;0.019846;180.05;;;;500
2000;0.6;0.689655172;700000;76.9428;0.93664;0.89059;0.99964;2.7477;0.05386;0.301379;0;14.953;719.99;0.021781;369.02;;;;700
2000;0.6;0.886699507;900000;73.9781;0.97966;0.95569;0.99989;3.1483;0.06658;0.3134569;0;17.558;745.26;0.023498;601.45;;;;900
2000;0.6;1.083743842;1100000;73.2429;1.0132;1.0138;1.0001;3.5121;0.080567;0.3166031;0;20.101;771.81;0.025489;873.75;;;;1100
3000;0;0.122423501;100020;179.3791;0.74194;0.49663;0.9977;1.0578;0.017942;0.1292733;0;5.2782;570.98;0.018846;158.85;;;;100.02
3000;0;0.367197062;300000;100.5275;0.84591;0.77498;0.9988;1.7145;0.030158;0.2306726;0;8.8582;639.68;0.019546;395.73;;;;300
3000;0;0.611995104;500000;84.2946;0.91124;0.8917;0.99931;2.1628;0.042147;0.2750938;0;11.589;678.84;0.021654;642.72;;;;500
3000;0;0.856793146;700000;78.3951;0.964;0.97158;0.99964;2.5588;0.054877;0.2957955;0;14.158;711.82;0.023831;927.13;;;;700
3000;0;1.101591187;900000;76.6959;1.0079;1.0447;0.99989;2.9076;0.069026;0.3023491;0;16.637;746.3;0.026379;1248.61;;;;900
3000;0.2;0.120374048;100020;178.3878;0.73926;0.48868;0.9977;1.0605;0.017842;0.1299917;0;5.2837;571.78;0.018695;89.36;;;;100.02
3000;0.2;0.361049933;300000;100.0003;0.84334;0.76643;0.9988;1.7192;0.03;0.2318886;0;8.8705;640.32;0.019389;283.44;;;;300
3000;0.2;0.601749889;500000;83.9459;0.90894;0.88648;0.99931;2.1669;0.041973;0.2762365;0;11.6;679.85;0.021523;500.99;;;;500
3000;0.2;0.842449844;700000;77.966;0.96179;0.9658;0.99964;2.5694;0.054576;0.2974235;0;14.187;711.78;0.023601;760.47;;;;700
3000;0.2;1.0831498;900000;76.3143;1.0053;1.0359;0.99989;2.9202;0.068683;0.3038607;0;16.673;746.07;0.026135;1059.91;;;;900
3000;0.4;0.114531089;100020;175.1362;0.73102;0.46662;0.9977;1.07;0.017517;0.1324051;0;5.3032;573.8;0.018191;19.16;;;;100.02
3000;0.4;0.343524562;300000;98.4479;0.83659;0.73294;0.9988;1.7319;0.029534;0.2355451;0;8.8985;642.25;0.018948;170.31;;;;300
3000;0.4;0.572540937;500000;82.8518;0.90261;0.86387;0.99931;2.1808;0.041426;0.2798844;0;11.636;682.46;0.021106;359.11;;;;500
3000;0.4;0.801557311;700000;76.8098;0.95581;0.94631;0.99964;2.5961;0.053767;0.3019008;0;14.26;712.71;0.023012;593.65;;;;700
3000;0.4;1.030573686;900000;75.1832;0.998;1.0131;0.99989;2.9568;0.067665;0.3084324;0;16.778;745.67;0.025428;872.5;;;;900
3000;0.6;0.318305765;300000;95.9124;0.82669;0.6824;0.9988;1.7521;0.028774;0.2417719;0;8.9445;645.84;0.018246;55.03;;;;300
3000;0.6;0.530509608;500000;80.9502;0.89406;0.82466;0.99931;2.2064;0.040475;0.2864593;0;11.703;686.51;0.020382;215.06;;;;500
3000;0.6;0.742713451;700000;75.3495;0.94391;0.91483;0.99964;2.6189;0.052745;0.3077518;0;14.325;717.95;0.022378;423.08;;;;700
3000;0.6;0.954917294;900000;73.2778;0.98692;0.98345;0.99989;3.0181;0.06595;0.3164522;0;16.952;745.44;0.02428;681.4;;;;900
3000;0.6;1.167121137;1100000;73.4628;1.0249;1.0422;1.0001;3.3714;0.080809;0.3156556;0;19.509;776.21;0.026633;986.91;;;;1100
4000;0;0.131994299;100020;170.0464;0.73367;0.51246;0.9977;0.97554;0.017008;0.1363682;0;4.8914;567.69;0.019373;153.87;;;;100.02
4000;0;0.395903716;300000;96.4377;0.84686;0.79469;0.9988;1.603;0.028931;0.2404551;0;8.3176;636.15;0.020054;391.94;;;;300
4000;0;0.659839527;500000;81.7472;0.91599;0.90911;0.99931;2.0498;0.040874;0.2836664;0;11.026;675.62;0.022159;651.78;;;;500
4000;0;0.923775338;700000;77.3518;0.97202;0.99427;0.99964;2.4309;0.054146;0.2997852;0;13.572;713.74;0.024753;954.5;;;;700
4000;0;1.187711149;900000;76.4682;1.0202;1.0821;0.99989;2.7772;0.068821;0.3032495;0;16.069;751.28;0.027539;1300.97;;;;900
4000;0.2;0.129793281;100020;169.2277;0.73141;0.50414;0.9977;0.97754;0.016926;0.137028;0;4.8957;568.59;0.019239;90.58;;;;100.02
4000;0.2;0.389301982;300000;95.9466;0.84427;0.78593;0.9988;1.6071;0.028784;0.2416859;0;8.3263;636.75;0.019903;288.07;;;;300
4000;0.2;0.648836636;500000;81.4371;0.9135;0.90165;0.99931;2.0538;0.040719;0.2847464;0;11.038;676.53;0.022029;519.34;;;;500
4000;0.2;0.90837129;700000;76.9514;0.96966;0.98727;0.99964;2.4413;0.053866;0.301345;0;13.601;713.57;0.024519;798.4;;;;700
4000;0.2;1.167905945;900000;76.0839;1.0173;1.0722;0.99989;2.7908;0.068476;0.3047811;0;16.109;750.73;0.027267;1123.67;;;;900
4000;0.4;0.123664556;100010;166.5288;0.72427;0.48106;0.9977;0.98501;0.016654;0.1392488;0;4.9114;570.91;0.018786;26.76;;;;100.01
4000;0.4;0.370956573;300000;94.511;0.83697;0.7586;0.9988;1.6195;0.028353;0.2453569;0;8.3559;638.57;0.019453;183.83;;;;300
4000;0.4;0.618260956;500000;80.483;0.90672;0.88553;0.99931;2.0651;0.040242;0.288122;0;11.068;679.52;0.021652;386.54;;;;500
4000;0.4;0.865565338;700000;75.7585;0.96301;0.969;0.99964;2.4719;0.053031;0.3060902;0;13.686;713.35;0.023838;643.05;;;;700
4000;0.4;1.11286972;900000;74.994;1.0092;1.0446;0.99989;2.8283;0.067495;0.3092103;0;16.219;749.66;0.026517;948.38;;;;900
4000;0.6;0.343756804;300000;92.1757;0.82679;0.70092;0.9988;1.6387;0.027653;0.2515731;0;8.3993;641.75;0.01875;77.48;;;;300
4000;0.6;0.572928006;500000;78.7862;0.89742;0.84804;0.99931;2.0875;0.039393;0.2943275;0;11.128;683.73;0.020967;252.23;;;;500
4000;0.6;0.802099208;700000;74.0936;0.95206;0.93593;0.99964;2.5085;0.051866;0.3129681;0;13.789;715.88;0.022973;483.8;;;;700
4000;0.6;1.031270411;900000;73.2261;0.99741;1.0079;0.99989;2.8873;0.065904;0.3166756;0;16.391;749;0.025362;769.92;;;;900
5000;0;0.14304308;100010;161.3462;0.72476;0.52904;0.9977;0.89801;0.016136;0.1437216;0;4.5287;564.61;0.019965;149.18;;;;100.01
5000;0;0.429086332;300000;92.7475;0.84887;0.81286;0.9988;1.4988;0.027824;0.2500222;0;7.8165;633.19;0.020627;389.86;;;;300
5000;0;0.715143887;500000;79.6497;0.92307;0.93135;0.99931;1.9444;0.039825;0.2911363;0;10.513;673.57;0.022762;665.46;;;;500
5000;0;1.001201442;700000;76.6728;0.9818;1.0245;0.99964;2.3138;0.053671;0.3024402;0;13.049;716.95;0.02578;989.57;;;;700
5000;0.2;0.140688743;100010;160.681;0.72287;0.52033;0.9977;0.89937;0.016069;0.1443166;0;4.5314;565.59;0.019853;91.63;;;;100.01
5000;0.2;0.422024027;300000;92.2851;0.8461;0.80502;0.9988;1.5028;0.027686;0.2512749;0;7.825;633.79;0.020473;293.97;;;;300
5000;0.2;0.703373379;500000;79.3009;0.9198;0.92533;0.99931;1.9497;0.03965;0.2924172;0;10.527;674.1;0.022601;541.46;;;;500
5000;0.2;0.98472273;700000;76.3104;0.97935;1.0159;0.99964;2.3237;0.053417;0.3038765;0;13.078;716.73;0.025547;843.25;;;;700
5000;0.2;1.266072082;900000;76.8704;1.0342;1.1038;0.99989;2.6506;0.069183;0.3016626;0;15.569;761.87;0.029005;1199.49;;;;900
5000;0.4;0.134024763;100020;158.4488;0.71675;0.49615;0.9977;0.90486;0.015848;0.1463497;0;4.5433;568.2;0.019459;33.78;;;;100.02
5000;0.4;0.40199389;300000;90.9602;0.83834;0.78113;0.9988;1.5147;0.027288;0.254935;0;7.854;635.46;0.020018;197.86;;;;300
5000;0.4;0.669989816;500000;78.415;0.91242;0.90251;0.99931;1.9606;0.039207;0.2957207;0;10.557;676.79;0.022221;417.28;;;;500
5000;0.4;0.937985743;700000;75.1967;0.97227;0.99342;0.99964;2.3535;0.052638;0.3083771;0;13.162;716.17;0.024854;698.01;;;;700
5000;0.4;1.205981669;900000;75.4531;1.0237;1.0866;0.99989;2.7121;0.067908;0.3073289;0;15.753;756.2;0.027825;1041.61;;;;900
5000;0.6;0.373115765;300000;88.7596;0.82735;0.73281;0.9988;1.534;0.026628;0.2612556;0;7.9001;638.36;0.019286;99.85;;;;300
5000;0.6;0.621859609;500000;76.921;0.90194;0.87309;0.99931;1.9797;0.038461;0.3014641;0;10.61;681.39;0.021586;291.81;;;;500
5000;0.6;0.870603453;700000;73.3513;0.96166;0.96417;0.99964;2.4023;0.051346;0.3161354;0;13.301;715.87;0.023749;550.1;;;;700
5000;0.6;1.119347296;900000;73.7485;1.0105;1.0419;0.99989;2.7728;0.066374;0.3144327;0;15.935;754.47;0.026598;875.46;;;;900
6000;0;0.156026709;100010;153.2228;0.71541;0.54473;0.9977;0.82358;0.015324;0.1513413;0;4.182;561.35;0.020674;144.44;;;;100.01
6000;0;0.468033324;300000;89.4053;0.85013;0.83115;0.9988;1.4014;0.026822;0.2593688;0;7.3485;630.16;0.021272;389.36;;;;300
6000;0;0.78005554;500000;78.2656;0.93107;0.95152;0.99931;1.8404;0.039133;0.296285;0;10.039;674.38;0.023626;683.86;;;;500
6000;0;1.092077756;700000;76.6686;0.99453;1.0622;0.99964;2.2006;0.053668;0.3024566;0;12.583;723.55;0.027097;1034.18;;;;700
6000;0.2;0.153253241;100010;152.6895;0.71392;0.53579;0.9977;0.82445;0.01527;0.1518698;0;4.1837;562.44;0.02058;92.33;;;;100.01
6000;0.2;0.459713752;300000;89.0273;0.84852;0.8237;0.9988;1.4047;0.026708;0.2604699;0;7.3574;630.88;0.02113;301.02;;;;300
6000;0.2;0.766189586;500000;77.8489;0.92899;0.94544;0.99931;1.8479;0.038924;0.2978709;0;10.056;674.3;0.02341;568.18;;;;500
6000;0.2;1.07266542;700000;76.2421;0.99182;1.0538;0.99964;2.2141;0.053369;0.3041486;0;12.621;722.4;0.026782;897.9;;;;700
6000;0.4;0.146091707;100010;150.9985;0.70707;0.51054;0.9977;0.82758;0.015101;0.1535706;0;4.1898;565.39;0.020275;40.02;;;;100.01
6000;0.4;0.438231298;300000;87.8097;0.84123;0.80134;0.9988;1.4156;0.026343;0.2640817;0;7.3845;632.61;0.020679;212.41;;;;300
6000;0.4;0.730385497;500000;76.8274;0.92054;0.92854;0.99931;1.8659;0.038414;0.3018317;0;10.107;675.28;0.022874;453.15;;;;500
6000;0.4;1.022539696;700000;75.1016;0.98379;1.0267;0.99964;2.2468;0.052571;0.3087675;0;12.711;720.66;0.026004;762.43;;;;700
6000;0.6;0.40696728;300000;85.7638;0.82918;0.76156;0.9988;1.4347;0.025729;0.2703813;0;7.4314;635.19;0.019926;122.25;;;;300
6000;0.6;0.6782788;500000;75.4127;0.9085;0.89487;0.99931;1.8839;0.037706;0.3074938;0;10.156;679.48;0.02224;335.29;;;;500
6000;0.6;0.94959032;700000;73.3858;0.97242;0.99017;0.99964;2.2944;0.05137;0.3159866;0;12.85;719.79;0.024879;624.92;;;;700
6000;0.6;1.220901839;900000;75.0485;1.0276;1.0887;0.99989;2.6731;0.067544;0.308986;0;15.59;762.88;0.028078;1003.59;;;;900
7000;0;0.172169811;100010;145.8624;0.7045;0.561;0.9977;0.7537;0.014587;0.1589782;0;3.859;558.54;0.021505;140.16;;;;100.01
7000;0;0.516457788;300000;86.4666;0.85219;0.84741;0.9988;1.3123;0.02594;0.2681837;0;6.927;627.59;0.021962;391.85;;;;300
7000;0;0.86076298;500000;77.3822;0.93958;0.97818;0.99931;1.7441;0.038691;0.2996674;0;9.6145;677.04;0.024649;708.35;;;;500
7000;0;1.205068172;700000;77.8813;1.0141;1.0932;0.99964;2.0723;0.054517;0.297747;0;12.115;738.89;0.029231;1085.96;;;;700
7000;0.2;0.168858798;100010;145.4413;0.70222;0.55163;0.9977;0.75416;0.014545;0.1594385;0;3.8597;559.63;0.02143;93.09;;;;100.01
7000;0.2;0.50652574;300000;86.129;0.85051;0.84271;0.9988;1.3152;0.025839;0.269235;0;6.9345;628.39;0.021829;310.18;;;;300
7000;0.2;0.844209567;500000;77.0091;0.93735;0.9707;0.99931;1.7515;0.038505;0.3011195;0;9.6346;676.85;0.024427;600.67;;;;500
7000;0.2;1.181893393;700000;77.345;1.0099;1.0851;0.99964;2.0921;0.054141;0.2998118;0;12.174;736;0.028755;961.76;;;;700
7000;0.4;0.160118476;100010;144.1796;0.69584;0.52555;0.9977;0.7555;0.014419;0.1608336;0;3.8619;562.97;0.021206;45.93;;;;100.01
7000;0.4;0.480307397;300000;85.0775;0.84553;0.82205;0.9988;1.3246;0.025523;0.2725624;0;6.9586;630.46;0.02141;228.46;;;;300
7000;0.4;0.800512328;500000;75.8826;0.9311;0.95091;0.99931;1.7729;0.037941;0.3055895;0;9.6897;676.55;0.023785;493.19;;;;500
7000;0.4;1.120717259;700000;75.8966;0.99925;1.068;0.99964;2.144;0.053128;0.3055332;0;12.326;729.59;0.027533;841.47;;;;700
7000;0.6;0.446182905;300000;83.16;0.83258;0.78592;0.9988;1.3423;0.024948;0.2788471;0;7.0011;632.84;0.020652;145.22;;;;300
7000;0.6;0.743638175;500000;74.3411;0.91778;0.92159;0.99931;1.7991;0.037171;0.311926;0;9.7631;678.56;0.02296;383.88;;;;500
7000;0.6;1.041093446;700000;74.0594;0.98623;1.0267;0.99964;2.2003;0.051842;0.3131128;0;12.489;725.96;0.026184;714.5;;;;700
8000;0;0.19163042;100010;139.1745;0.69113;0.57614;0.9977;0.68584;0.013919;0.1666177;0;3.5484;555.67;0.022549;135.72;;;;100.01
8000;0;0.574833777;300000;83.9607;0.85557;0.86448;0.9988;1.2324;0.025188;0.276188;0;6.5505;625.62;0.02271;397.97;;;;300
8000;0;0.958056295;500000;77.1639;0.95099;1.0126;0.99931;1.6503;0.038582;0.3005152;0;9.2269;683.19;0.025977;738.23;;;;500
8000;0;1.341278814;700000;80.4358;1.0411;1.1365;0.99964;1.9387;0.056305;0.2882912;0;11.687;763.84;0.032269;1151.88;;;;700
8000;0.2;0.187858069;100010;138.8497;0.68937;0.56642;0.9977;0.68596;0.013886;0.1670074;0;3.5484;556.9;0.022493;93.45;;;;100.01
8000;0.2;0.563517854;300000;83.6541;0.85376;0.85762;0.9988;1.235;0.025096;0.2772;0;6.5575;626.34;0.022579;322.35;;;;300
8000;0.2;0.939196424;500000;76.73;0.94843;1.0044;0.99931;1.6606;0.038365;0.3022147;0;9.2556;682.03;0.02567;638.69;;;;500
8000;0.2;1.314874993;700000;79.8243;1.0361;1.129;0.99964;1.9618;0.055877;0.2904995;0;11.757;759.46;0.031647;1039.43;;;;700
8000;0.4;0.177546202;100010;137.7861;0.68379;0.53941;0.9977;0.68683;0.01378;0.1682966;0;3.5496;560.23;0.022292;51.15;;;;100.01
8000;0.4;0.532585347;300000;82.7352;0.84882;0.84279;0.9988;1.2429;0.024821;0.2802788;0;6.5785;628.68;0.022189;246.75;;;;300
8000;0.4;0.887642245;500000;75.6145;0.94134;0.98061;0.99931;1.6851;0.037807;0.3066729;0;9.3236;680.48;0.02493;539.91;;;;500
8000;0.4;1.242699143;700000;78.141;1.0227;1.1056;0.99964;2.0246;0.054699;0.2967577;0;11.945;748.7;0.030019;933.41;;;;700
8000;0.6;0.164098778;100010;135.7613;0.67129;0.50041;0.9977;0.68973;0.013577;0.1708067;0;3.5546;565.07;0.021872;8.56;;;;100.01
8000;0.6;0.492247108;300000;81.0701;0.83808;0.80963;0.9988;1.2588;0.024321;0.2860355;0;6.6195;631.51;0.021468;170.21;;;;300
8000;0.6;0.820411847;500000;73.9195;0.93139;0.94895;0.99931;1.7193;0.03696;0.313705;0;9.4195;680.06;0.023885;438.84;;;;500
8000;0.6;1.148576585;700000;75.795;1.0047;1.0739;0.99964;2.1121;0.053056;0.3059428;0;12.209;737.06;0.027912;824.33;;;;700
0;0;0.111795204;100050;214.0651;0.77206;0.45771;0.9977;1.3009;0.021417;0.1083265;10;6.521;598.59;0.018293;172.74;;;;100.05
0;0;0.335307395;300080;116.468;0.86217;0.71123;0.9988;2.0309;0.034949;0.1991014;10;10.569;670.87;0.019121;406.41;;;;300.08
0;0;0.558707846;500010;94.8731;0.91782;0.84849;0.99931;2.5063;0.047437;0.2444206;10;13.496;710.76;0.02103;631.25;;;;500.01
0;0;0.782175341;700000;85.4804;0.96191;0.92887;0.99964;2.9073;0.059836;0.2712778;10;16.09;739.31;0.022869;869.79;;;;700
0;0;1.00565401;900000;80.6119;0.99872;0.98719;0.99989;3.2829;0.072551;0.2876614;10;18.588;763.08;0.024555;1133.74;;;;900
0;0.2;0.110142055;100020;212.3091;0.76859;0.4511;0.9977;1.3067;0.021235;0.1092225;10;6.5331;599.01;0.018056;82.7;;;;100.02
0;0.2;0.330360093;300000;115.7718;0.8597;0.70284;0.9988;2.0368;0.034732;0.2002986;10;10.582;671.59;0.018947;266.04;;;;300
0;0.2;0.550600154;500000;94.3694;0.91599;0.83939;0.99931;2.5126;0.047185;0.2457252;10;13.512;711.63;0.020866;458.18;;;;500
0;0.2;0.770840216;700000;85.087;0.95927;0.92129;0.99964;2.9135;0.059561;0.272532;10;16.106;740.29;0.022715;669.11;;;;700
0;0.2;0.991080278;900000;80.2204;0.9972;0.97917;0.99989;3.2923;0.072198;0.2890652;10;18.614;763.75;0.024366;907.64;;;;900
0;0.2;1.211320339;1100000;78.0661;1.0279;1.0307;1.0001;3.6271;0.085873;0.2970423;10;21.012;789;0.026306;1170.77;;;;1100
0;0.4;0.316202201;300000;113.761;0.85355;0.67171;0.9988;2.0516;0.034128;0.2038391;10;10.616;674.15;0.018483;124.61;;;;300
0;0.4;0.527003668;500000;92.8459;0.91103;0.8106;0.99931;2.5317;0.046423;0.2497573;10;13.56;714.07;0.020375;284.19;;;;500
0;0.4;0.737805135;700000;83.831;0.95119;0.89667;0.99964;2.935;0.058682;0.2766151;10;16.164;742.77;0.022213;468.05;;;;700
0;0.4;0.948606602;900000;79.1662;0.99062;0.9585;0.99989;3.3141;0.07125;0.2929144;10;18.676;766.7;0.023888;680.82;;;;900
0;0.4;1.159408069;1100000;76.758;1.0207;1.0127;1.0001;3.6732;0.084434;0.3021044;10;21.143;788.89;0.025542;923.65;;;;1100
0;0.6;0.499450604;500000;90.2091;0.89837;0.75143;0.99931;2.5661;0.045105;0.2570576;10;13.641;717.24;0.019533;106.43;;;;500
0;0.6;0.699230846;700000;81.7296;0.94162;0.85348;0.99964;2.9701;0.057211;0.2837273;10;16.252;747.11;0.021407;262.73;;;;700
0;0.6;0.899011088;900000;77.4177;0.97758;0.92298;0.99989;3.3495;0.069676;0.2995302;10;18.773;771.6;0.023116;450.54;;;;900
0;0.6;1.09879133;1100000;75.0501;1.0123;0.977;1.0001;3.7207;0.082555;0.3089794;10;21.279;792.88;0.024656;669.91;;;;1100
1000;0;0.118529579;100020;202.5758;0.76823;0.47122;0.9977;1.206;0.020262;0.1144704;10;6.0651;595.79;0.018668;167.12;;;;100.02
1000;0;0.355517634;300000;111.1651;0.8609;0.7343;0.9988;1.9048;0.03335;0.208599;10;9.9352;667.44;0.019454;400.2;;;;300
1000;0;0.592529389;500000;91.2933;0.91932;0.86725;0.99931;2.3637;0.045647;0.2540048;10;12.767;707.26;0.021458;628.92;;;;500
1000;0;0.829541145;700000;82.8367;0.96681;0.94333;0.99964;2.7631;0.057986;0.2799357;10;15.338;735.82;0.023317;878.96;;;;700
1000;0;1.066552901;900000;79.0939;1.005;1.0068;0.99989;3.1207;0.071185;0.2931822;10;17.794;763.6;0.025345;1156.25;;;;900
1000;0.2;0.116298269;100020;201.0638;0.7648;0.46416;0.9977;1.2106;0.020111;0.1153312;10;6.0747;596.36;0.018458;84.57;;;;100.02
1000;0.2;0.348825041;300000;110.5129;0.85844;0.72171;0.9988;1.91;0.033154;0.2098301;10;9.9469;668.07;0.019287;270.01;;;;300
1000;0.2;0.581375068;500000;90.8383;0.91742;0.8588;0.99931;2.3693;0.045419;0.255277;10;12.781;708.15;0.0213;467.53;;;;500
1000;0.2;0.813925096;700000;82.5089;0.96441;0.9375;0.99964;2.7676;0.057756;0.2810477;10;15.35;737.05;0.023188;690.24;;;;700
1000;0.2;1.046475123;900000;78.6462;1.0026;1.0008;0.99989;3.1339;0.070782;0.2948513;10;17.831;763.55;0.025095;944.47;;;;900
1000;0.4;0.111456557;100020;196.3482;0.754;0.44443;0.9977;1.2256;0.019639;0.1181011;10;6.1059;597.81;0.017805;0.74;;;;100.02
1000;0.4;0.334302811;300000;108.5504;0.85166;0.69551;0.9988;1.9256;0.032565;0.2136236;10;9.9824;670.21;0.018791;138.83;;;;300
1000;0.4;0.557171352;500000;89.4487;0.91206;0.83295;0.99931;2.3869;0.044724;0.2592427;10;12.826;710.69;0.020819;305.47;;;;500
1000;0.4;0.780039893;700000;81.4491;0.95694;0.91811;0.99964;2.7838;0.057014;0.2847047;10;15.395;740.21;0.022757;501.31;;;;700
1000;0.4;1.002908434;900000;77.4618;0.99723;0.97951;0.99989;3.1655;0.069716;0.2993595;10;17.919;764.76;0.024471;732.2;;;;900
1000;0.6;0.315752913;300000;105.6736;0.84268;0.64206;0.9988;1.9447;0.031702;0.2194393;10;10.025;675.06;0.018115;5.12;;;;300
1000;0.6;0.526254855;500000;87.0663;0.90114;0.78192;0.99931;2.4177;0.043533;0.2663363;10;12.901;714.23;0.020008;140.11;;;;500
1000;0.6;0.736756797;700000;79.5214;0.94561;0.87751;0.99964;2.8169;0.055665;0.2916061;10;15.482;744.43;0.021959;309.56;;;;700
1000;0.6;0.947258738;900000;75.8784;0.98571;0.94859;0.99989;3.1967;0.068291;0.3056064;10;18.008;770.04;0.023738;515.26;;;;900
1000;0.6;1.15776068;1100000;74.1515;1.0196;1.0012;1.0001;3.5701;0.081567;0.3127238;10;20.544;792.5;0.025388;758.44;;;;1100
2000;0;0.126911218;100020;191.7615;0.76208;0.48679;0.9977;1.1176;0.01918;0.1209259;10;5.6407;593.01;0.019069;162.04;;;;100.02
2000;0;0.380657522;300000;106.161;0.85997;0.76024;0.9988;1.7839;0.031848;0.2184318;10;9.3299;663.74;0.019838;394.32;;;;300
2000;0;0.634429204;500000;88.0535;0.9217;0.8868;0.99931;2.2302;0.044027;0.2633504;10;12.088;703.83;0.021934;629.38;;;;500
2000;0;0.888200886;700000;80.6495;0.97305;0.96559;0.99964;2.6289;0.056455;0.2875274;10;14.653;733.42;0.023861;894.19;;;;700
2000;0;1.141972567;900000;78.0288;1.0133;1.0289;0.99989;2.9694;0.070226;0.2971843;10;17.077;765.76;0.026279;1187.61;;;;900
2000;0.2;0.124573421;100020;190.5015;0.75888;0.47927;0.9977;1.1212;0.019054;0.1217257;10;5.6483;593.73;0.018883;86.4;;;;100.02
2000;0.2;0.373645535;300000;105.574;0.85751;0.7492;0.9988;1.7886;0.031672;0.2196461;10;9.3412;664.41;0.019675;273.81;;;;300
2000;0.2;0.622742558;500000;87.6419;0.91971;0.87859;0.99931;2.2349;0.043821;0.2645872;10;12.1;704.75;0.021786;478.69;;;;500
2000;0.2;0.871839582;700000;80.302;0.97088;0.95752;0.99964;2.6349;0.056211;0.2887715;10;14.67;734.3;0.023705;716.94;;;;700
2000;0.2;1.120936605;900000;77.6114;1.0108;1.0217;0.99989;2.9821;0.06985;0.2987826;10;17.114;765.61;0.026026;988.72;;;;900
2000;0.4;0.118256305;100020;186.5642;0.74928;0.45825;0.9977;1.1332;0.01866;0.1242946;10;5.6736;595.54;0.018297;9.82;;;;100.02
2000;0.4;0.354697975;300000;103.8573;0.851;0.71284;0.9988;1.802;0.031157;0.2232768;10;9.3713;666.51;0.019212;152.49;;;;300
2000;0.4;0.591163291;500000;86.3907;0.9141;0.85394;0.99931;2.2502;0.043195;0.2684194;10;12.139;707.35;0.021329;327.62;;;;500
2000;0.4;0.827628608;700000;79.3405;0.96321;0.93693;0.99964;2.6491;0.055538;0.292271;10;14.71;737.6;0.023295;539.29;;;;700
2000;0.4;1.064093924;900000;76.3727;1.0039;1.0033;0.99989;3.0195;0.068735;0.3036284;10;17.22;765.49;0.025293;790.46;;;;900
2000;0.6;0.333151951;300000;101.0418;0.84097;0.66549;0.9988;1.8231;0.030313;0.2294984;10;9.4196;670.57;0.018475;28.68;;;;300
2000;0.6;0.555253251;500000;84.2351;0.905;0.81004;0.99931;2.2781;0.042118;0.2752883;10;12.21;711.26;0.020542;173.92;;;;500
2000;0.6;0.777354551;700000;77.6322;0.95089;0.90209;0.99964;2.6774;0.054343;0.2987026;10;14.788;742.27;0.022553;359.45;;;;700
2000;0.6;0.999455852;900000;74.6005;0.99439;0.968;0.99989;3.0653;0.06714;0.3108413;10;17.35;768.14;0.024339;587;;;;900
2000;0.6;1.221557152;1100000;73.7834;1.0284;1.0276;1.0001;3.4211;0.081162;0.3142839;10;19.862;794.82;0.02636;854.36;;;;1100
3000;0;0.136363636;100020;181.4839;0.75481;0.50225;0.9977;1.0323;0.018152;0.127774;10;5.2318;589.8;0.019538;156.77;;;;100.02
3000;0;0.409009107;300000;101.5595;0.85955;0.78493;0.9988;1.6713;0.030468;0.2283286;10;8.7687;660.4;0.020258;390.02;;;;300
3000;0;0.681681845;500000;85.1231;0.92576;0.90471;0.99931;2.1061;0.042562;0.2724163;10;11.461;700.71;0.022455;632.82;;;;500
3000;0;0.954354584;700000;79.0858;0.97916;0.98544;0.99964;2.4924;0.05536;0.2932123;10;13.998;734.03;0.024681;912.68;;;;700
3000;0;1.227027322;900000;77.3136;1.0234;1.0581;0.99989;2.8308;0.069582;0.2999333;10;16.437;769.16;0.027314;1228.24;;;;900
3000;0.2;0.133974496;100020;180.4367;0.75204;0.49428;0.9977;1.0351;0.018047;0.1285156;10;5.2376;590.59;0.019374;87.71;;;;100.02
3000;0.2;0.40184312;300000;101.0269;0.85702;0.77521;0.9988;1.6757;0.030308;0.2295323;10;8.7793;661.06;0.020098;278.45;;;;300
3000;0.2;0.669738534;500000;84.7694;0.92342;0.8995;0.99931;2.1103;0.042385;0.273553;10;11.473;701.73;0.022316;492.32;;;;500
3000;0.2;0.937633948;700000;78.6497;0.9769;0.97962;0.99964;2.5028;0.055055;0.2948383;10;14.026;733.98;0.024442;747.34;;;;700
3000;0.2;1.205529361;900000;76.9095;1.0207;1.049;0.99989;2.8429;0.069219;0.3015092;10;16.466;768.84;0.027062;1040.45;;;;900
3000;0.4;0.127169394;100020;177.064;0.74348;0.47207;0.9977;1.0446;0.01771;0.1309635;10;5.2574;592.62;0.018838;17.9;;;;100.02
3000;0.4;0.381431895;300000;99.4448;0.85022;0.74071;0.9988;1.6882;0.029834;0.2331839;10;8.8087;663.1;0.019635;166.21;;;;300
3000;0.4;0.635719826;500000;83.6354;0.91706;0.87536;0.99931;2.124;0.041818;0.2772622;10;11.508;704.34;0.021876;351.42;;;;500
3000;0.4;0.890007756;700000;77.5251;0.97069;0.95882;0.99964;2.5265;0.054268;0.299115;10;14.092;735.36;0.023867;581.61;;;;700
3000;0.4;1.144295686;900000;75.7733;1.0134;1.0268;0.99989;2.8787;0.068196;0.3060305;10;16.576;768.55;0.026323;855.21;;;;900
3000;0.6;0.35482383;300000;96.859;0.84013;0.69072;0.9988;1.7079;0.029058;0.2394091;10;8.8536;666.8;0.018904;51.7;;;;300
3000;0.6;0.59137305;500000;81.6845;0.90842;0.8348;0.99931;2.1489;0.040842;0.2838841;10;11.573;708.48;0.021118;208.35;;;;500
3000;0.6;0.82792227;700000;76.0356;0.9587;0.92797;0.99964;2.5489;0.053225;0.3049748;10;14.156;740.78;0.023202;412.55;;;;700
3000;0.6;1.06447149;900000;73.8342;1.0022;0.99733;0.99989;2.9385;0.066451;0.3140677;10;16.749;768.41;0.025127;665.61;;;;900
4000;0;0.147225085;100010;171.9964;0.74688;0.5185;0.9977;0.95153;0.017201;0.1348222;10;4.8471;586.82;0.020086;151.78;;;;100.01
4000;0;0.441631091;300000;97.41;0.86071;0.80545;0.9988;1.5614;0.029223;0.2380549;10;8.2291;657.21;0.020798;385.99;;;;300
4000;0;0.736051818;500000;82.542;0.93074;0.9217;0.99931;1.9944;0.041271;0.280935;10;10.898;697.82;0.022995;641.31;;;;500
4000;0;1.030472545;700000;78.0072;0.9875;1.0081;0.99964;2.3654;0.054605;0.2972665;10;13.408;736.38;0.025653;938.76;;;;700
4000;0.2;0.144598346;100010;171.1501;0.74447;0.51008;0.9977;0.95353;0.017116;0.1354888;10;4.8513;587.73;0.019945;88.87;;;;100.01
4000;0.2;0.433751663;300000;96.9203;0.85815;0.79613;0.9988;1.5653;0.029076;0.2392577;10;8.2381;657.87;0.020642;282.94;;;;300
4000;0.2;0.722919438;500000;82.2188;0.92827;0.9146;0.99931;1.9981;0.041109;0.2820394;10;10.908;698.77;0.022862;509.82;;;;500
4000;0.2;1.012087213;700000;77.5934;0.98508;1.0011;0.99964;2.3757;0.054315;0.298852;10;13.437;736.2;0.025406;783.98;;;;700
4000;0.4;0.13743353;100020;168.3324;0.73703;0.48668;0.9977;0.96085;0.016837;0.1377568;10;4.8665;590.04;0.019469;25.42;;;;100.02
4000;0.4;0.412218146;300000;95.4617;0.85081;0.7674;0.9988;1.5773;0.028639;0.2429135;10;8.2669;659.76;0.020175;179.47;;;;300
4000;0.4;0.687030243;500000;81.2518;0.92138;0.89882;0.99931;2.0093;0.040626;0.2853958;10;10.941;701.86;0.022463;378.39;;;;500
4000;0.4;0.96184234;700000;76.3935;0.97841;0.98303;0.99964;2.4055;0.053475;0.303546;10;13.521;736.05;0.024701;629.92;;;;700
4000;0.4;1.236654438;900000;75.5636;1.0249;1.0582;0.99989;2.7509;0.068007;0.3068798;10;16.013;773.05;0.027471;928.92;;;;900
4000;0.6;0.38011733;300000;93.0956;0.84054;0.70988;0.9988;1.596;0.027929;0.2490873;10;8.3106;663.1;0.019443;73.98;;;;300
4000;0.6;0.633528883;500000;79.495;0.91208;0.85916;0.99931;2.0311;0.039747;0.2917031;10;10.997;706.1;0.021744;244.86;;;;500
4000;0.6;0.886940436;700000;74.7465;0.96709;0.94851;0.99964;2.4389;0.052323;0.3102343;10;13.617;739.07;0.023837;471.82;;;;700
4000;0.6;1.140351989;900000;73.7646;1.0131;1.022;0.99989;2.808;0.066388;0.3143641;10;16.181;772.46;0.02627;751.79;;;;900
5000;0;0.159801227;100010;163.2296;0.73812;0.53559;0.9977;0.87543;0.016324;0.1420633;10;4.4868;584.18;0.020719;147.14;;;;100.01
5000;0;0.479355746;300000;93.6467;0.86296;0.82407;0.9988;1.4586;0.028094;0.2476214;10;7.7278;654.63;0.021406;383.51;;;;300
5000;0;0.798926243;500000;80.418;0.93788;0.9454;0.99931;1.8907;0.040209;0.2883549;10;10.389;696.05;0.023629;654.73;;;;500
5000;0;1.11849674;700000;77.3154;0.99772;1.0384;0.99964;2.2495;0.054121;0.2999263;10;12.884;740.14;0.026739;972.7;;;;700
5000;0.2;0.156999105;100010;162.5366;0.73614;0.52679;0.9977;0.87684;0.016255;0.142669;10;4.4897;585.18;0.020598;89.95;;;;100.01
5000;0.2;0.470950221;300000;93.2022;0.86019;0.81624;0.9988;1.4625;0.027961;0.2488025;10;7.7377;655.25;0.021247;288.54;;;;300
5000;0.2;0.784917034;500000;80.0644;0.9349;0.93821;0.99931;1.8951;0.040032;0.2896287;10;10.398;696.78;0.023476;531.4;;;;500
5000;0.2;1.098883848;700000;76.9404;0.99522;1.0297;0.99964;2.2592;0.053858;0.3013881;10;12.913;739.9;0.026493;827.63;;;;700
5000;0.4;0.149043978;100010;160.2504;0.72984;0.50223;0.9977;0.8822;0.016026;0.1447044;10;4.5007;587.78;0.020185;32.4;;;;100.01
5000;0.4;0.447087227;300000;91.863;0.85239;0.79139;0.9988;1.474;0.027559;0.2524295;10;7.7663;657;0.020776;193.21;;;;300
5000;0.4;0.745145378;500000;79.1628;0.92744;0.91553;0.99931;1.9059;0.039581;0.292927;10;10.429;699.53;0.023077;408.38;;;;500
5000;0.4;1.043203529;700000;75.8086;0.98804;1.0075;0.99964;2.288;0.053066;0.3058879;10;12.995;739.36;0.025773;683.61;;;;700
5000;0.6;0.413240217;300000;89.6346;0.84143;0.74072;0.9988;1.4927;0.02689;0.2587053;10;7.8114;660.05;0.020016;95.96;;;;300
5000;0.6;0.688733694;500000;77.6212;0.91696;0.8849;0.99931;1.9243;0.038811;0.2987449;10;10.48;704.23;0.02241;283.81;;;;500
5000;0.6;0.964227172;700000;73.9309;0.9773;0.97838;0.99964;2.3355;0.051752;0.3136569;10;13.131;739.12;0.024621;536.85;;;;700
5000;0.6;1.23972065;900000;74.2505;1.0266;1.0553;0.99989;2.6937;0.066825;0.3123069;10;15.714;778.43;0.02757;854.12;;;;900
6000;0;0.174218274;100010;155.0314;0.72905;0.55159;0.9977;0.80206;0.015504;0.1495758;10;4.1409;581.31;0.021479;142.35;;;;100.01
6000;0;0.522602561;300000;90.3011;0.86491;0.8432;0.9988;1.3625;0.02709;0.2567957;10;7.2631;652.12;0.022098;382.95;;;;300
6000;0;0.871004268;500000;78.9236;0.94671;0.96563;0.99931;1.7886;0.039462;0.2938148;10;9.9093;697.04;0.024522;671.64;;;;500
6000;0;1.219405975;700000;77.2184;1.0107;1.0775;0.99964;2.1398;0.054053;0.3003033;10;12.42;746.73;0.028068;1016.01;;;;700
6000;0.2;0.171206026;100010;154.476;0.72747;0.54255;0.9977;0.80298;0.015449;0.1501135;10;4.1428;582.41;0.021377;90.59;;;;100.01
6000;0.2;0.513566721;300000;89.8946;0.86325;0.83568;0.9988;1.3658;0.026968;0.2579569;10;7.2714;652.83;0.021945;295.26;;;;300
6000;0.2;0.855944535;500000;78.522;0.94465;0.95982;0.99931;1.7957;0.039261;0.2953176;10;9.9292;697.05;0.024299;557.31;;;;500
6000;0.2;1.198322349;700000;76.7664;1.0081;1.0678;0.99964;2.1517;0.053737;0.3020712;10;12.45;745.69;0.027758;879.73;;;;700
6000;0.4;0.162697251;100010;152.6971;0.72047;0.51706;0.9977;0.80636;0.015271;0.1518623;10;4.1495;585.39;0.021043;38.62;;;;100.01
6000;0.4;0.488042948;300000;88.6767;0.85551;0.81279;0.9988;1.3766;0.026603;0.2614997;10;7.2991;654.58;0.021475;207.51;;;;300
6000;0.4;0.813404913;500000;77.5009;0.93564;0.9422;0.99931;1.8124;0.03875;0.2992087;10;9.9758;698.3;0.023762;443.01;;;;500
6000;0.4;1.138766878;700000;75.6714;0.99998;1.0406;0.99964;2.1818;0.05297;0.3064423;10;12.538;744.39;0.026983;745.78;;;;700
6000;0.6;0.450890509;300000;86.5988;0.84344;0.77088;0.9988;1.395;0.02598;0.2677743;10;7.345;657.29;0.020693;118.05;;;;300
6000;0.6;0.751484181;500000;76.1023;0.92378;0.90854;0.99931;1.8292;0.038051;0.3047074;10;10.024;702.84;0.023114;326.47;;;;500
6000;0.6;1.052077854;700000;73.9179;0.9884;1.0043;0.99964;2.2282;0.051743;0.313712;10;12.676;743.55;0.025805;609.42;;;;700
7000;0;0.191373735;100010;147.5453;0.71848;0.56834;0.9977;0.73363;0.014756;0.1571648;10;3.82;578.86;0.022348;138.06;;;;100.01
7000;0;0.574063798;300000;87.3265;0.86728;0.86112;0.9988;1.2744;0.026198;0.2655429;10;6.8412;650.01;0.022841;384.99;;;;300
7000;0;0.956772996;500000;78.0468;0.95558;0.99235;0.99931;1.6934;0.039023;0.2971156;10;9.488;700.23;0.025604;695.67;;;;500
7000;0;1.339482194;700000;78.3974;1.0304;1.1091;0.99964;2.0163;0.054878;0.295787;10;11.962;762.23;0.030242;1067.59;;;;700
7000;0.2;0.187900423;100010;147.1267;0.71625;0.55889;0.9977;0.73402;0.014714;0.157612;10;3.8205;580.02;0.022273;91.31;;;;100.01
7000;0.2;0.563644904;300000;86.9773;0.86557;0.85641;0.9988;1.2773;0.026093;0.2666089;10;6.8487;650.82;0.022699;304.06;;;;300
7000;0.2;0.939408173;500000;77.6803;0.95347;0.98518;0.99931;1.7002;0.03884;0.2985173;10;9.5065;700.16;0.025383;588.91;;;;500
7000;0.2;1.315171442;700000;77.834;1.0261;1.1008;0.99964;2.0352;0.054484;0.2979279;10;12.018;759.27;0.029746;943.83;;;;700
7000;0.4;0.178449076;100010;145.8113;0.70952;0.53251;0.9977;0.73553;0.014582;0.1590338;10;3.8231;583.41;0.022029;44.47;;;;100.01
7000;0.4;0.535293698;300000;85.8921;0.86006;0.83417;0.9988;1.2866;0.025768;0.2699773;10;6.8728;652.85;0.022253;223.06;;;;300
7000;0.4;0.892156163;500000;76.5342;0.94716;0.96559;0.99931;1.7211;0.038267;0.3029878;10;9.5613;699.89;0.024712;482.45;;;;500
7000;0.4;1.249018628;700000;76.3676;1.0155;1.0847;0.99964;2.0836;0.053457;0.3036487;10;12.161;753.07;0.028507;823.43;;;;700
7000;0.6;0.494576148;300000;83.9523;0.84709;0.7966;0.9988;1.3039;0.025186;0.2762157;10;6.9152;655.35;0.021463;140.59;;;;300
7000;0.6;0.82429358;500000;75.0043;0.93341;0.93472;0.99931;1.7449;0.037502;0.3091679;10;9.6289;702.38;0.023884;373.99;;;;500
7000;0.6;1.154011013;700000;74.5848;1.0027;1.0407;0.99964;2.1339;0.052209;0.3109071;10;12.307;750.33;0.02719;696.71;;;;700
8000;0;0.212195795;100010;140.8146;0.70537;0.58404;0.9977;0.66714;0.014083;0.164677;10;3.5116;576.52;0.023454;133.66;;;;100.01
8000;0;0.636523732;300000;84.7931;0.87099;0.87778;0.9988;1.1954;0.025438;0.2734765;10;6.465;648.49;0.023643;390.7;;;;300
8000;0;1.060872886;500000;77.7585;0.96751;1.0275;0.99931;1.602;0.038879;0.2982172;10;9.1019;706.62;0.026966;724.63;;;;500
8000;0.2;0.208193684;100010;140.4701;0.70349;0.57422;0.9977;0.66733;0.014048;0.1650809;10;3.5118;577.76;0.02339;91.68;;;;100.01
8000;0.2;0.6245186;300000;84.4776;0.86916;0.8711;0.9988;1.198;0.025343;0.274498;10;6.4717;649.24;0.023505;315.78;;;;300
8000;0.2;1.040864334;500000;77.3246;0.96496;1.0192;0.99931;1.6118;0.038662;0.2998907;10;9.1296;705.5;0.026652;625.92;;;;500
8000;0.4;0.19708734;100010;139.3738;0.69771;0.54697;0.9977;0.66826;0.013939;0.1663794;10;3.5132;581.19;0.023175;49.66;;;;100.01
8000;0.4;0.591202901;300000;83.5291;0.86415;0.85672;0.9988;1.2056;0.025059;0.2776149;10;6.492;651.66;0.023094;240.83;;;;300
8000;0.4;0.985338168;500000;76.2229;0.9577;0.99499;0.99931;1.6342;0.038111;0.3042252;10;9.1932;704.29;0.025911;527.78;;;;500
8000;0.4;1.379473435;700000;78.6166;1.0394;1.1219;0.99964;1.968;0.055032;0.2949624;10;11.785;772.73;0.031071;914.28;;;;700
8000;0.6;0.182101238;100010;137.2582;0.68473;0.50747;0.9977;0.67138;0.013727;0.1689439;10;3.5189;586.08;0.022718;7.33;;;;100.01
8000;0.6;0.54624909;300000;81.8162;0.85281;0.82138;0.9988;1.2212;0.024545;0.283427;10;6.5324;654.47;0.022332;164.95;;;;300
8000;0.6;0.910415149;500000;74.4813;0.94751;0.96364;0.99931;1.6669;0.037241;0.3113389;10;9.2824;704.01;0.024832;427.01;;;;500
8000;0.6;1.274581209;700000;76.2136;1.0212;1.0908;0.99964;2.0501;0.05335;0.3042622;10;12.033;761.21;0.028913;804.35;;;;700
0;0;0.12840422;100050;216.4063;0.7837;0.46244;0.9977;1.2727;0.021651;0.1071546;20;6.4699;616.16;0.018903;170.69;;;;100.05
0;0;0.385122821;300080;117.6537;0.87505;0.71937;0.9988;1.985;0.035305;0.1970949;20;10.476;690.41;0.019763;401.21;;;;300.08
0;0;0.641713083;500010;95.8103;0.93131;0.85895;0.99931;2.4493;0.047906;0.2420296;20;13.375;731.32;0.021732;623.25;;;;500.01
0;0;0.898380349;700000;86.3012;0.97575;0.94125;0.99964;2.8394;0.060411;0.2686976;20;15.934;760.58;0.023641;858.08;;;;700
0;0;1.155060448;900000;81.3199;1.0132;0.99928;0.99989;3.2056;0.073188;0.285157;20;18.401;784.68;0.025368;1117.87;;;;900
0;0.2;0.126888677;100020;214.603;0.78007;0.45579;0.9977;1.2785;0.021465;0.108055;20;6.4821;616.58;0.018655;81.14;;;;100.02
0;0.2;0.380589914;300000;116.9389;0.87251;0.71093;0.9988;1.9908;0.035082;0.1982995;20;10.489;691.13;0.01958;261.75;;;;300
0;0.2;0.634316524;500000;95.3005;0.92948;0.84915;0.99931;2.4552;0.04765;0.2433244;20;13.389;732.22;0.021564;451.25;;;;500
0;0.2;0.888043134;700000;85.8955;0.97298;0.9325;0.99964;2.8459;0.060127;0.2699667;20;15.952;761.5;0.023475;658.96;;;;700
0;0.2;1.141769743;900000;80.9205;1.0117;0.99122;0.99989;3.2148;0.072828;0.2865645;20;18.427;785.36;0.025171;893.45;;;;900
0;0.4;0.366255646;300000;114.9059;0.8663;0.67847;0.9988;2.0052;0.034472;0.2018079;20;10.522;693.8;0.019102;121.18;;;;300
0;0.4;0.610426077;500000;93.7525;0.92452;0.81914;0.99931;2.4738;0.046876;0.2473419;20;13.437;734.71;0.021052;278.47;;;;500
0;0.4;0.854596508;700000;84.5704;0.96473;0.90731;0.99964;2.8674;0.059199;0.2741968;20;16.003;763.94;0.02295;458.4;;;;700
0;0.4;1.098766939;900000;79.8707;1.0047;0.97103;0.99989;3.2352;0.071884;0.290331;20;18.485;788.56;0.024689;668.2;;;;900
0;0.6;0.567975282;500000;91.0232;0.91134;0.7592;0.99931;2.5075;0.045512;0.2547585;20;13.515;737.86;0.020167;101.58;;;;500
0;0.6;0.795165394;700000;82.4754;0.95536;0.86336;0.99964;2.9018;0.057733;0.2811617;20;16.099;768.47;0.022109;255.5;;;;700
0;0.6;1.022355507;900000;78.0795;0.99128;0.93407;0.99989;3.2707;0.070272;0.2969912;20;18.583;793.43;0.023876;439.61;;;;900
1000;0;0.134814196;100020;204.7956;0.78035;0.47609;0.9977;1.1792;0.020484;0.1132297;20;6.016;613.69;0.019301;165.07;;;;100.02
1000;0;0.404361715;300000;112.2981;0.87395;0.74181;0.9988;1.8611;0.03369;0.2064944;20;9.8469;687.34;0.020114;395.08;;;;300
1000;0;0.673936192;500000;92.2056;0.93311;0.87797;0.99931;2.3082;0.046103;0.2514915;20;12.646;728.18;0.022193;620.65;;;;500
1000;0;0.943510668;700000;83.6267;0.98097;0.95592;0.99964;2.6961;0.058539;0.277291;20;15.181;757.46;0.024125;866.44;;;;700
1000;0;1.213085145;900000;79.7501;1.0195;1.0201;0.99989;3.0465;0.071775;0.2907701;20;17.61;785.34;0.026178;1139.72;;;;900
1000;0.2;0.133030085;100020;203.2509;0.77679;0.46898;0.9977;1.1837;0.020329;0.1140902;20;6.0256;614.25;0.019082;82.99;;;;100.02
1000;0.2;0.399010454;300000;111.6311;0.87144;0.72915;0.9988;1.8662;0.033489;0.2077282;20;9.8582;687.95;0.019939;265.71;;;;300
1000;0.2;0.665017423;500000;91.7362;0.93117;0.86946;0.99931;2.3137;0.045868;0.2527784;20;12.66;729.07;0.022027;460.35;;;;500
1000;0.2;0.931024393;700000;83.2901;0.97852;0.95008;0.99964;2.7006;0.058303;0.2784115;20;15.193;758.7;0.023988;679.19;;;;700
1000;0.2;1.197031362;900000;79.2949;1.0171;1.0141;0.99989;3.0594;0.071365;0.2924392;20;17.647;785.3;0.025918;929.49;;;;900
1000;0.4;0.38589676;300000;109.6447;0.86464;0.7031;0.9988;1.8813;0.032894;0.2114915;20;9.8937;690.24;0.019427;135.38;;;;300
1000;0.4;0.643161266;500000;90.2997;0.92576;0.8428;0.99931;2.3311;0.04515;0.2567997;20;12.704;731.66;0.021521;299.25;;;;500
1000;0.4;0.900425773;700000;82.1983;0.97083;0.92937;0.99964;2.7171;0.057539;0.2821097;20;15.239;761.82;0.02353;491.72;;;;700
1000;0.4;1.157690279;900000;78.1188;1.012;0.99169;0.99989;3.0887;0.070307;0.2968418;20;17.73;786.8;0.025292;718.54;;;;900
1000;0.6;0.361354356;300000;106.7209;0.85568;0.64876;0.9988;1.9;0.032016;0.2172857;20;9.9348;695.29;0.018725;2.46;;;;300
1000;0.6;0.60225726;500000;87.8647;0.91444;0.78967;0.99931;2.3608;0.043932;0.2639163;20;12.777;735.2;0.020677;134.91;;;;500
1000;0.6;0.843160164;700000;80.2235;0.95948;0.88825;0.99964;2.7499;0.056156;0.2890541;20;15.327;766.15;0.022693;301.33;;;;700
1000;0.6;1.084063068;900000;76.5288;0.99985;0.96023;0.99989;3.1186;0.068876;0.3030094;20;17.817;792.32;0.02454;503.36;;;;900
2000;0;0.142547673;100020;193.9265;0.7745;0.49174;0.9977;1.0918;0.019397;0.1195759;20;5.5926;611.29;0.019739;159.96;;;;100.02
2000;0;0.427557506;300000;107.2468;0.87329;0.7686;0.9988;1.7415;0.032174;0.2162202;20;9.2422;683.96;0.020528;389;;;;300
2000;0;0.712595844;500000;88.9139;0.93571;0.89814;0.99931;2.1763;0.044457;0.2608021;20;11.968;725.11;0.022698;620.63;;;;500
2000;0;0.997634182;700000;81.3801;0.98787;0.97792;0.99964;2.5641;0.056966;0.2849461;20;14.499;755.24;0.024686;881.12;;;;700
2000;0;1.282672519;900000;78.6565;1.0282;1.0422;0.99989;2.8963;0.070791;0.2948126;20;16.891;787.92;0.027159;1169.69;;;;900
2000;0.2;0.140661257;100020;192.6303;0.7712;0.48417;0.9977;1.0954;0.019267;0.1203805;20;5.6001;612;0.019544;84.78;;;;100.02
2000;0.2;0.421899391;300000;106.6562;0.87085;0.75666;0.9988;1.7459;0.031997;0.2174177;20;9.2524;684.66;0.020363;269.27;;;;300
2000;0.2;0.703165652;500000;88.4996;0.93373;0.88989;0.99931;2.1811;0.04425;0.2620231;20;11.981;726.05;0.022543;471.15;;;;500
2000;0.2;0.984431912;700000;81.044;0.98523;0.96969;0.99964;2.5692;0.056731;0.2861277;20;14.513;756.26;0.024535;705.13;;;;700
2000;0.2;1.265698173;900000;78.2338;1.0257;1.0351;0.99989;2.9087;0.07041;0.2964057;20;16.927;787.79;0.026896;972.34;;;;900
2000;0.4;0.13564241;100020;188.5413;0.7613;0.46305;0.9977;1.1075;0.018858;0.1229913;20;5.626;613.8;0.01892;8.62;;;;100.02
2000;0.4;0.40684586;300000;104.8978;0.8642;0.72131;0.9988;1.7591;0.031469;0.2210622;20;9.2829;686.82;0.019877;148.78;;;;300
2000;0.4;0.678076433;500000;87.2172;0.92805;0.86479;0.99931;2.1962;0.043609;0.2658756;20;12.02;728.7;0.022062;321.13;;;;500
2000;0.4;0.949307006;700000;80.0781;0.97755;0.94969;0.99964;2.583;0.056055;0.2895788;20;14.553;759.71;0.024113;528.87;;;;700
2000;0.4;1.220537579;900000;76.9727;1.0186;1.0168;0.99989;2.9453;0.069275;0.3012619;20;17.031;787.69;0.026134;775.51;;;;900
2000;0.6;0.384324677;300000;102.0392;0.85394;0.67252;0.9988;1.78;0.030612;0.2272552;20;9.3311;690.97;0.01911;25.8;;;;300
2000;0.6;0.640541129;500000;85.0084;0.9186;0.8188;0.99931;2.2234;0.042504;0.2727841;20;12.089;732.65;0.021242;168.33;;;;500
2000;0.6;0.896757581;700000;78.323;0.96493;0.91338;0.99964;2.6114;0.054826;0.296068;20;14.631;764.34;0.023328;350.45;;;;700
2000;0.6;1.152974032;900000;75.2354;1.009;0.98088;0.99989;2.9871;0.067712;0.3082184;20;17.153;790.93;0.025188;573.56;;;;900
3000;0;0.152348748;100020;183.5589;0.76738;0.50779;0.9977;1.0083;0.01836;0.1263296;20;5.1877;608.47;0.020231;154.8;;;;100.02
3000;0;0.456954853;300000;102.5733;0.87302;0.79455;0.9988;1.6305;0.030772;0.2260718;20;8.6825;680.88;0.020971;384.53;;;;300
3000;0;0.761591421;500000;85.9646;0.94005;0.91757;0.99931;2.0535;0.042982;0.2697497;20;11.342;722.4;0.023258;623.75;;;;500
3000;0;1.06622799;700000;79.7587;0.99401;0.99904;0.99964;2.4301;0.055831;0.2907387;20;13.845;756.02;0.025529;898.94;;;;700
3000;0.2;0.149665564;100020;182.4743;0.76457;0.49977;0.9977;1.0112;0.018251;0.1270805;20;5.1938;609.26;0.020054;86.15;;;;100.02
3000;0.2;0.448906912;300000;102.0433;0.87053;0.7836;0.9988;1.6345;0.030613;0.227246;20;8.6922;681.59;0.020811;273.71;;;;300
3000;0.2;0.748178186;500000;85.589;0.9376;0.91147;0.99931;2.0577;0.042795;0.2709334;20;11.353;723.38;0.023109;484.24;;;;500
3000;0.2;1.047449461;700000;79.3136;0.99173;0.99319;0.99964;2.4404;0.05552;0.2923702;20;13.874;755.97;0.025279;734.9;;;;700
3000;0.4;0.144040093;100020;178.93;0.75565;0.47744;0.9977;1.0209;0.017897;0.1295978;20;5.2138;611.3;0.019481;16.67;;;;100.02
3000;0.4;0.432033871;300000;100.4528;0.86374;0.74809;0.9988;1.6467;0.030136;0.2308441;20;8.7211;683.73;0.020334;162.31;;;;300
3000;0.4;0.720056452;500000;84.439;0.93131;0.88678;0.99931;2.0713;0.04222;0.2746234;20;11.389;726.07;0.022648;344.48;;;;500
3000;0.4;1.008079033;700000;78.2234;0.98528;0.97114;0.99964;2.4614;0.054756;0.2964448;20;13.933;757.8;0.024718;570.25;;;;700
3000;0.6;0.409176464;300000;97.8202;0.85346;0.6981;0.9988;1.6662;0.029346;0.2370568;20;8.767;687.65;0.019569;48.62;;;;300
3000;0.6;0.681960774;500000;82.4483;0.9226;0.84493;0.99931;2.0956;0.041224;0.2812543;20;11.453;730.31;0.021858;202.4;;;;500
3000;0.6;0.954745083;700000;76.7117;0.97314;0.94008;0.99964;2.4836;0.053698;0.3022869;20;13.998;763.34;0.024023;402.56;;;;700
3000;0.6;1.227529393;900000;74.429;1.0176;1.0097;0.99989;2.8618;0.066986;0.3115579;20;16.55;791.43;0.026008;650.57;;;;900
4000;0;0.164649907;100010;173.9287;0.75979;0.5243;0.9977;0.9289;0.017394;0.1333243;20;4.8045;605.79;0.020806;149.78;;;;100.01
4000;0;0.493900331;300000;98.381;0.87436;0.81551;0.9988;1.5223;0.029514;0.2357054;20;8.1453;678.12;0.021544;380.38;;;;300
4000;0;0.823167218;500000;83.3268;0.9452;0.93399;0.99931;1.9428;0.041663;0.2782891;20;10.776;719.79;0.023834;631.38;;;;500
4000;0;1.152434105;700000;78.6428;1.0027;1.0218;0.99964;2.3044;0.05505;0.2948642;20;13.254;758.79;0.026548;923.8;;;;700
4000;0.2;0.161556604;100010;173.0536;0.75729;0.51581;0.9977;0.93093;0.017307;0.1339985;20;4.8088;606.7;0.020656;87.25;;;;100.01
4000;0.2;0.484621349;300000;97.8874;0.87176;0.80618;0.9988;1.5262;0.029366;0.236894;20;8.1549;678.8;0.021381;278.13;;;;300
4000;0.2;0.807702249;500000;83.0143;0.94286;0.92767;0.99931;1.9463;0.041507;0.2793365;20;10.788;720.88;0.023698;501.13;;;;500
4000;0.2;1.130783148;700000;78.2276;1.0002;1.0147;0.99964;2.3146;0.054759;0.2964289;20;13.283;758.63;0.02629;770.43;;;;700
4000;0.4;0.153865087;100020;170.1589;0.74965;0.49221;0.9977;0.93822;0.017019;0.1362781;20;4.8242;609.06;0.020155;24.18;;;;100.02
4000;0.4;0.461502961;300000;96.4026;0.86439;0.77611;0.9988;1.5379;0.028921;0.2405426;20;8.1832;680.76;0.020895;175.38;;;;300
4000;0.4;0.769171602;500000;82.0066;0.93577;0.9105;0.99931;1.9575;0.041003;0.2827692;20;10.819;723.92;0.023275;370.57;;;;500
4000;0.4;1.076840243;700000;77.0095;0.9935;0.9968;0.99964;2.3433;0.053907;0.3011177;20;13.365;758.51;0.025561;617.45;;;;700
4000;0.6;0.43670665;300000;93.9934;0.854;0.71868;0.9988;1.5562;0.028198;0.2467082;20;8.2266;684.25;0.020132;70.62;;;;300
4000;0.6;0.727844416;500000;80.2239;0.92651;0.87024;0.99931;1.9789;0.040112;0.2890526;20;10.877;728.31;0.022521;238.24;;;;500
4000;0.6;1.018982182;700000;75.3905;0.98192;0.96121;0.99964;2.3737;0.052773;0.3075843;20;13.453;762.08;0.024703;460.52;;;;700
5000;0;0.178851175;100010;165.0919;0.75123;0.54199;0.9977;0.8543;0.016511;0.1404608;20;4.4471;603.58;0.021474;145.21;;;;100.01
5000;0;0.536499875;300000;94.5791;0.87685;0.83518;0.9988;1.421;0.028374;0.2451803;20;7.6461;675.91;0.022189;377.78;;;;300
5000;0;0.894166458;500000;81.1293;0.95227;0.95916;0.99931;1.8411;0.040565;0.285827;20;10.269;718.27;0.024487;644.16;;;;500
5000;0;1.251833041;700000;77.9403;1.0133;1.0519;0.99964;2.1893;0.054558;0.2975219;20;12.727;763.06;0.027695;956.6;;;;700
5000;0.2;0.175579354;100010;164.3746;0.74916;0.5331;0.9977;0.85575;0.016439;0.1410737;20;4.4501;604.6;0.021344;88.37;;;;100.01
5000;0.2;0.526685393;300000;94.1266;0.87402;0.82721;0.9988;1.4247;0.028238;0.246359;20;7.6553;676.52;0.022026;283.48;;;;300
5000;0.2;0.877808989;500000;80.835;0.94973;0.95091;0.99931;1.8444;0.040418;0.2868674;20;10.278;719.25;0.024354;522.06;;;;500
5000;0.2;1.228932584;700000;77.5754;1.0108;1.0434;0.99964;2.1988;0.054303;0.2989213;20;12.758;762.86;0.02744;813.14;;;;700
5000;0.4;0.166300841;100010;162.0201;0.74269;0.50832;0.9977;0.86116;0.016203;0.1431238;20;4.4615;607.26;0.020906;31.15;;;;100.01
5000;0.4;0.498852639;300000;92.7479;0.8662;0.80153;0.9988;1.4361;0.027824;0.250021;20;7.684;678.34;0.021529;188.84;;;;300
5000;0.4;0.831421065;500000;79.9152;0.94226;0.9288;0.99931;1.8548;0.039958;0.2901692;20;10.307;722.12;0.023939;400.01;;;;500
5000;0.4;1.163989491;700000;76.4049;1.0035;1.0213;0.99964;2.227;0.053483;0.3035006;20;12.837;762.31;0.026688;669.94;;;;700
5000;0.6;0.469241237;300000;90.514;0.85526;0.74827;0.9988;1.454;0.027154;0.2561916;20;7.7283;681.56;0.020748;92.4;;;;300
5000;0.6;0.782068728;500000;78.3309;0.93173;0.89661;0.99931;1.8731;0.039165;0.2960381;20;10.359;726.88;0.023233;276.5;;;;500
5000;0.6;1.094896219;700000;74.5009;0.99265;0.99234;0.99964;2.2732;0.052151;0.3112572;20;12.972;762.14;0.025491;524.42;;;;700
6000;0;0.195668336;100010;156.8173;0.74241;0.55832;0.9977;0.78201;0.015683;0.1478723;20;4.1022;601.1;0.022283;140.38;;;;100.01
6000;0;0.586946314;300000;91.2067;0.87941;0.85506;0.9988;1.3265;0.027362;0.2542459;20;7.1834;673.88;0.022926;377.05;;;;300
6000;0;0.978243857;500000;79.5976;0.96208;0.97974;0.99931;1.74;0.039799;0.2913272;20;9.7894;719.54;0.025422;660.4;;;;500
6000;0;1.369541399;700000;77.7992;1.0268;1.0917;0.99964;2.0822;0.054459;0.2980612;20;12.266;769.92;0.029061;998.88;;;;700
6000;0.2;0.192042552;100010;156.2383;0.74074;0.54917;0.9977;0.78298;0.015625;0.1484203;20;4.1042;602.22;0.022173;88.96;;;;100.01
6000;0.2;0.57607005;300000;90.8245;0.87781;0.84762;0.9988;1.3298;0.027247;0.255316;20;7.1942;674.64;0.022766;290.29;;;;300
6000;0.2;0.96011675;500000;79.187;0.96029;0.974;0.99931;1.7475;0.039594;0.2928375;20;9.8132;719.6;0.025173;547.49;;;;500
6000;0.2;1.34416345;700000;77.3409;1.0239;1.0815;0.99964;2.0928;0.054139;0.2998276;20;12.291;769.02;0.028754;863.2;;;;700
6000;0.4;0.181852896;100010;154.3889;0.73355;0.52342;0.9977;0.78649;0.01544;0.1501982;20;4.1114;605.21;0.021813;37.31;;;;100.01
6000;0.4;0.545504137;300000;89.545;0.86954;0.82414;0.9988;1.3403;0.026864;0.258964;20;7.2198;676.37;0.02227;202.99;;;;300
6000;0.4;0.909173561;500000;78.2034;0.95065;0.95491;0.99931;1.7616;0.039102;0.2965207;20;9.8506;721.26;0.024669;433.49;;;;500
6000;0.4;1.272842986;700000;76.2498;1.0158;1.0543;0.99964;2.1212;0.053375;0.3041178;20;12.376;767.89;0.027964;730.33;;;;700
6000;0.6;0.507889212;300000;87.4168;0.85741;0.77972;0.9988;1.3578;0.026225;0.2652687;20;7.2626;679.19;0.02146;114.06;;;;300
6000;0.6;0.846482021;500000;76.7847;0.93872;0.92196;0.99931;1.7783;0.038392;0.3019996;20;9.8998;725.96;0.023989;318.14;;;;500
6000;0.6;1.185074829;700000;74.4649;1.0041;1.0185;0.99964;2.1662;0.052125;0.3114077;20;12.511;767.08;0.026739;595.01;;;;700
7000;0;0.216205115;100010;149.201;0.73221;0.57553;0.9977;0.71494;0.014921;0.1554207;20;3.7831;598.98;0.02319;136.09;;;;100.01
7000;0;0.64855049;300000;88.2164;0.88215;0.87471;0.9988;1.2396;0.026465;0.2628642;20;6.7632;672.26;0.023721;378.91;;;;300
7000;0;1.080917483;500000;78.7096;0.97139;1.0066;0.99931;1.6459;0.039355;0.2946136;20;9.3674;723.29;0.026567;683.63;;;;500
7000;0.2;0.212020352;100010;148.791;0.73001;0.56597;0.9977;0.71523;0.01488;0.155849;20;3.7835;600.22;0.023117;89.63;;;;100.01
7000;0.2;0.635997456;300000;87.856;0.88043;0.869;0.9988;1.2424;0.026357;0.2639424;20;6.7705;673.07;0.023571;298.62;;;;300
7000;0.2;1.05999576;500000;78.3371;0.96923;0.99939;0.99931;1.6525;0.039169;0.2960148;20;9.3861;723.22;0.026335;577.85;;;;500
7000;0.4;0.200629915;100010;147.4198;0.72294;0.53928;0.9977;0.71689;0.014743;0.1572986;20;3.7865;603.65;0.02285;43.09;;;;100.01
7000;0.4;0.601829562;300000;86.7272;0.87438;0.8462;0.9988;1.2516;0.026018;0.2673779;20;6.794;675.07;0.023098;218.2;;;;300
7000;0.4;1.00304927;500000;77.1618;0.96284;0.97995;0.99931;1.6728;0.038581;0.3005235;20;9.4393;722.96;0.025634;472.21;;;;500
7000;0.6;0.556617251;300000;84.7345;0.86129;0.80708;0.9988;1.2682;0.02542;0.2736657;20;6.8344;677.65;0.022273;136.25;;;;300
7000;0.6;0.927695419;500000;75.6656;0.94867;0.94763;0.99931;1.6945;0.037833;0.3064658;20;9.5026;725.95;0.024811;364.68;;;;500
7000;0.6;1.298773587;700000;75.1227;1.0189;1.0547;0.99964;2.0725;0.052586;0.3086808;20;12.141;774.51;0.028192;680.53;;;;700
8000;0;0.241296113;100010;142.4446;0.71937;0.59194;0.9977;0.64996;0.014246;0.1627927;20;3.4779;597.21;0.024353;131.79;;;;100.01
8000;0;0.723815958;300000;85.6433;0.88616;0.89097;0.9988;1.1616;0.025693;0.2707617;20;6.3866;671.16;0.024577;384.15;;;;300
8000;0;1.20635993;500000;78.3525;0.98366;1.042;0.99931;1.557;0.039176;0.2959565;20;8.9842;729.79;0.027957;711.95;;;;500
8000;0.2;0.236497351;100010;142.0849;0.71737;0.582;0.9977;0.65019;0.01421;0.1632047;20;3.4783;598.45;0.024283;90.08;;;;100.01
8000;0.2;0.709421112;300000;85.3259;0.88436;0.88495;0.9988;1.164;0.025598;0.2717689;20;6.393;672;0.024436;309.88;;;;300
8000;0.2;1.182368521;500000;77.943;0.98113;1.0335;0.99931;1.5654;0.038972;0.2975114;20;9.0083;728.99;0.027661;613.77;;;;500
8000;0.4;0.223156908;100010;140.955;0.71138;0.55448;0.9977;0.65115;0.014097;0.164513;20;3.4797;601.98;0.024054;48.31;;;;100.01
8000;0.4;0.669403784;300000;84.3508;0.87925;0.87006;0.9988;1.1716;0.025305;0.2749106;20;6.4135;674.45;0.024;235.59;;;;300
8000;0.4;1.115672974;500000;76.8372;0.97381;1.0094;0.99931;1.5866;0.038419;0.3017932;20;9.0691;727.95;0.026904;516.31;;;;500
8000;0.6;0.206436032;100010;138.7474;0.69791;0.51443;0.9977;0.65438;0.013876;0.1671306;20;3.4856;606.93;0.023561;6.2;;;;100.01
8000;0.6;0.619246171;300000;82.5836;0.86732;0.83305;0.9988;1.1867;0.024775;0.2807935;20;6.4528;677.25;0.023197;160.24;;;;300
8000;0.6;1.032076952;500000;75.0916;0.96281;0.97797;0.99931;1.6173;0.037546;0.3088086;20;9.1539;727.94;0.025802;416.33;;;;500
0;0;0.14982928;100050;218.7127;0.79512;0.4671;0.9977;1.2461;0.021882;0.1060246;30;6.4213;633.6;0.019512;168.75;;;;100.05
0;0;0.449383012;300080;118.8257;0.88771;0.72739;0.9988;1.9417;0.035657;0.1951509;30;10.387;709.79;0.020404;396.28;;;;300.08
0;0;0.748786989;500010;96.7466;0.94461;0.8688;0.99931;2.3956;0.048374;0.2396874;30;13.259;751.74;0.022437;615.69;;;;500.01
0;0;1.048280819;700000;87.1055;0.98928;0.95246;0.99964;2.7758;0.060974;0.2662165;30;15.788;781.63;0.024407;847.18;;;;700
0;0.2;0.147391689;100020;216.8628;0.79134;0.46042;0.9977;1.2519;0.021691;0.1069291;30;6.4336;634.02;0.019252;79.66;;;;100.02
0;0.2;0.442086649;300000;118.0926;0.88511;0.71891;0.9988;1.9475;0.035428;0.1963622;30;10.401;710.51;0.020212;257.68;;;;300
0;0.2;0.736811082;500000;96.2286;0.94276;0.85884;0.99931;2.4015;0.048114;0.2409775;30;13.274;752.66;0.022262;444.79;;;;500
0;0.2;1.031535514;700000;86.6845;0.98646;0.94354;0.99964;2.7823;0.060679;0.2675095;30;15.805;782.54;0.024232;649.32;;;;700
0;0.4;0.420209264;300000;116.0342;0.87886;0.68512;0.9988;1.9614;0.03481;0.1998457;30;10.433;713.29;0.01972;117.94;;;;300
0;0.4;0.700348774;500000;94.6459;0.93755;0.8277;0.99931;2.4198;0.047323;0.2450072;30;13.321;755.17;0.021727;273.04;;;;500
0;0.4;0.980488283;700000;85.3837;0.97837;0.91787;0.99964;2.8031;0.059769;0.2715849;30;15.861;785.12;0.023692;450.79;;;;700
0;0.4;1.260627793;900000;80.5689;1.0185;0.98335;0.99989;3.1608;0.072512;0.287815;30;18.303;810.23;0.02549;656.23;;;;900
0;0.6;0.647592897;500000;91.8623;0.92419;0.76777;0.99931;2.453;0.045931;0.2524314;30;13.399;758.4;0.020805;97.15;;;;500
0;0.6;0.906630056;700000;83.2123;0.96875;0.8731;0.99964;2.8375;0.058249;0.2786718;30;15.952;789.68;0.022812;248.46;;;;700
0;0.6;1.165667215;900000;78.7365;1.0047;0.94499;0.99989;3.1965;0.070863;0.2945132;30;18.405;815.1;0.024634;429.41;;;;900
1000;0;0.158246974;100020;207.0103;0.79209;0.48088;0.9977;1.1538;0.020705;0.1120182;30;5.9687;631.47;0.01994;163.1;;;;100.02
1000;0;0.474645993;300000;113.4165;0.88681;0.74894;0.9988;1.8195;0.034025;0.2044582;30;9.7604;707.01;0.020779;390.06;;;;300
1000;0;0.791076655;500000;93.1046;0.94666;0.88854;0.99931;2.256;0.046552;0.2490632;30;12.532;748.92;0.022928;612.8;;;;500
1000;0;1.107507317;700000;84.4019;0.9949;0.96834;0.99964;2.6331;0.059081;0.2747441;30;15.032;778.91;0.024931;854.63;;;;700
1000;0.2;0.155774981;100020;205.4182;0.78846;0.47373;0.9977;1.1584;0.020546;0.1128864;30;5.9786;632.01;0.019708;81.48;;;;100.02
1000;0.2;0.467231498;300000;112.7413;0.8843;0.73739;0.9988;1.8245;0.033822;0.2056828;30;9.772;707.7;0.020598;261.53;;;;300
1000;0.2;0.778719163;500000;92.6238;0.94468;0.87997;0.99931;2.2615;0.046312;0.250356;30;12.546;749.82;0.022754;453.55;;;;500
1000;0.2;1.090206828;700000;84.0574;0.99239;0.96248;0.99964;2.6377;0.05884;0.2758703;30;15.045;780.17;0.024786;668.77;;;;700
1000;0.4;0.44546737;300000;110.7453;0.87749;0.71;0.9988;1.8392;0.033224;0.2093897;30;9.8068;710.08;0.020071;132.03;;;;300
1000;0.4;0.742445616;500000;91.1702;0.93922;0.85251;0.99931;2.2785;0.045585;0.2543478;30;12.59;752.47;0.02223;293.52;;;;500
1000;0.4;1.039423862;700000;82.9325;0.98447;0.94048;0.99964;2.6544;0.058053;0.2796122;30;15.091;783.25;0.024301;482.67;;;;700
1000;0.6;0.688041833;500000;88.6932;0.92753;0.79749;0.99931;2.3079;0.044347;0.2614511;30;12.663;756.07;0.021349;130.29;;;;500
1000;0.6;0.963258566;700000;80.9277;0.9731;0.89877;0.99964;2.6865;0.056649;0.2865389;30;15.178;787.68;0.023432;293.52;;;;700
1000;0.6;1.238475299;900000;77.1627;1.0137;0.97136;0.99989;3.0455;0.069446;0.30052;30;17.635;814.38;0.025339;491.84;;;;900
2000;0;0.16719322;100020;196.0464;0.7867;0.49665;0.9977;1.0676;0.019609;0.1182829;30;5.547;629.42;0.020407;157.99;;;;100.02
2000;0;0.501479364;300000;108.3097;0.88638;0.77682;0.9988;1.7016;0.032493;0.2140983;30;9.1584;704;0.021218;383.92;;;;300
2000;0;0.83579894;500000;89.7836;0.94949;0.90929;0.99931;2.1256;0.044892;0.2582757;30;11.855;746.22;0.023467;612.45;;;;500
2000;0;1.170118516;700000;82.1087;1.0022;0.98999;0.99964;2.5028;0.057476;0.2824175;30;14.35;776.93;0.025518;868.6;;;;700
2000;0.2;0.164992329;100020;194.739;0.78332;0.48902;0.9977;1.0712;0.019478;0.119077;30;5.5549;630.13;0.020203;83.27;;;;100.02
2000;0.2;0.494878013;300000;107.7209;0.88397;0.76405;0.9988;1.7059;0.032316;0.2152686;30;9.1686;704.74;0.021049;265;;;;300
2000;0.2;0.824796688;500000;89.3579;0.94748;0.901;0.99931;2.1304;0.044679;0.2595063;30;11.868;747.17;0.023302;464.01;;;;500
2000;0.2;1.154715363;700000;81.7724;0.99932;0.98166;0.99964;2.5076;0.057241;0.283579;30;14.364;778.02;0.025364;693.92;;;;700
2000;0.4;0.157972045;100020;190.515;0.77307;0.46777;0.9977;1.0832;0.019055;0.1217171;30;5.5806;631.92;0.019546;7.5;;;;100.02
2000;0.4;0.473821369;300000;105.9229;0.87717;0.72968;0.9988;1.719;0.031777;0.2189228;30;9.1993;706.96;0.02054;145.28;;;;300
2000;0.4;0.789702282;500000;88.0364;0.94175;0.87549;0.99931;2.1456;0.044018;0.2634017;30;11.908;749.87;0.022795;315.01;;;;500
2000;0.4;1.105583195;700000;80.7997;0.99164;0.96225;0.99964;2.5209;0.05656;0.2869927;30;14.403;781.61;0.024929;519.02;;;;700
2000;0.6;0.440315266;300000;103.0134;0.86682;0.67943;0.9988;1.7392;0.030904;0.2251059;30;9.2466;711.26;0.019743;23.06;;;;300
2000;0.6;0.733858776;500000;85.799;0.93195;0.82753;0.99931;2.1721;0.0429;0.2702703;30;11.975;753.88;0.021945;163.22;;;;500
2000;0.6;1.027402287;700000;79.001;0.97888;0.92431;0.99964;2.5492;0.055301;0.2935272;30;14.482;786.27;0.024104;341.9;;;;700
3000;0;0.177478884;100020;185.5711;0.77982;0.51331;0.9977;0.98606;0.018561;0.1249598;30;5.1465;626.99;0.020915;152.96;;;;100.02
3000;0;0.532330187;300000;103.5548;0.88619;0.80396;0.9988;1.5925;0.031067;0.2239291;30;8.601;701.22;0.02168;379.3;;;;300
3000;0;0.887216978;500000;86.8018;0.95405;0.9302;0.99931;2.0041;0.043401;0.2671479;30;11.229;743.9;0.024064;615.11;;;;500
3000;0;1.242103769;700000;80.424;1.0086;1.0124;0.99964;2.3718;0.056297;0.2883335;30;13.701;777.81;0.026375;885.98;;;;700
3000;0.2;0.175347557;100020;184.4162;0.77679;0.50523;0.9977;0.98888;0.018445;0.1257424;30;5.1522;627.79;0.020727;84.64;;;;100.02
3000;0.2;0.525937484;300000;103.0543;0.88374;0.79195;0.9988;1.5961;0.030916;0.2250166;30;8.6102;701.96;0.021524;269.28;;;;300
3000;0.2;0.876562473;500000;86.4134;0.95154;0.92289;0.99931;2.0085;0.043207;0.2683488;30;11.241;744.84;0.023903;476.7;;;;500
3000;0.2;1.227187462;700000;79.9724;1.0063;1.0066;0.99964;2.3819;0.055981;0.2899618;30;13.729;777.76;0.026115;723.15;;;;700
3000;0.4;0.168775944;100020;180.8728;0.76771;0.48267;0.9977;0.99839;0.018091;0.1282058;30;5.1727;629.81;0.020133;15.59;;;;100.02
3000;0.4;0.506226587;300000;101.4389;0.87699;0.75537;0.9988;1.6077;0.030432;0.2285999;30;8.638;704.19;0.021031;158.59;;;;300
3000;0.4;0.843710978;500000;85.2412;0.9453;0.89789;0.99931;2.0218;0.042621;0.272039;30;11.277;747.61;0.023423;337.91;;;;500
3000;0.4;1.18119537;700000;78.9109;0.9996;0.98325;0.99964;2.4005;0.055238;0.2938624;30;13.783;780.02;0.025568;559.46;;;;700
3000;0.6;0.471372007;300000;98.7699;0.86659;0.70521;0.9988;1.6268;0.029631;0.2347773;30;8.6834;708.25;0.020238;45.68;;;;300
3000;0.6;0.785620011;500000;83.2005;0.93653;0.85496;0.99931;2.0458;0.0416;0.2787116;30;11.34;751.95;0.022594;196.79;;;;500
3000;0.6;1.099868016;700000;77.3702;0.98726;0.95142;0.99964;2.4224;0.054159;0.2997141;30;13.847;785.64;0.024841;393.11;;;;700
4000;0;0.190427233;100020;175.7971;0.77243;0.52996;0.9977;0.90768;0.017583;0.1319074;30;4.7637;624.59;0.021526;147.87;;;;100.02
4000;0;0.571167466;300000;99.3565;0.88787;0.82555;0.9988;1.4861;0.029807;0.2333913;30;8.0679;698.88;0.022289;375.27;;;;300
4000;0;0.951945777;500000;84.1286;0.95942;0.94631;0.99931;1.8944;0.042064;0.2756366;30;10.664;741.6;0.024675;622.26;;;;500
4000;0;1.332724088;700000;79.2817;1.0176;1.0351;0.99964;2.2472;0.055497;0.2924878;30;13.107;781;0.027445;909.77;;;;700
4000;0.2;0.18777104;100020;174.8968;0.76993;0.52141;0.9977;0.90972;0.017493;0.1325863;30;4.7682;625.52;0.021367;85.71;;;;100.02
4000;0.2;0.563200481;300000;98.8495;0.88519;0.81612;0.9988;1.4899;0.029655;0.2345883;30;8.0772;699.57;0.022118;273.68;;;;300
4000;0.2;0.938667468;500000;83.8051;0.95711;0.94048;0.99931;1.8975;0.041903;0.2767006;30;10.673;742.77;0.024538;492.82;;;;500
4000;0.2;1.314134455;700000;78.8632;1.0151;1.0283;0.99964;2.2569;0.055204;0.2940401;30;13.136;780.86;0.027181;757.49;;;;700
4000;0.4;0.180796067;100020;171.9563;0.76197;0.49765;0.9977;0.91697;0.017199;0.1348536;30;4.7839;627.92;0.020841;22.99;;;;100.02
4000;0.4;0.542279744;300000;97.3455;0.87775;0.78471;0.9988;1.5011;0.029204;0.2382127;30;8.1045;701.59;0.021617;171.59;;;;300
4000;0.4;0.903799573;500000;82.7774;0.94997;0.92197;0.99931;1.909;0.041389;0.280136;30;10.706;745.83;0.024089;363.44;;;;500
4000;0.4;1.265319403;700000;77.6222;1.0083;1.0103;0.99964;2.2852;0.054336;0.2987411;30;13.218;780.78;0.02642;605.74;;;;700
4000;0.6;0.506833809;300000;94.8818;0.86719;0.72734;0.9988;1.5189;0.028465;0.2443981;30;8.1468;705.2;0.020822;67.45;;;;300
4000;0.6;0.844723015;500000;80.9522;0.94068;0.88116;0.99931;1.9302;0.040476;0.2864522;30;10.763;750.32;0.0233;231.99;;;;500
4000;0.6;1.182612221;700000;76.033;0.99654;0.97411;0.99964;2.3125;0.053223;0.3049851;30;13.298;784.94;0.025573;449.84;;;;700
5000;0;0.206414728;100010;166.9214;0.76412;0.54803;0.9977;0.83422;0.016694;0.1389213;30;4.4081;622.77;0.022235;143.32;;;;100.01
5000;0;0.619182267;300000;95.5355;0.89056;0.84623;0.9988;1.3863;0.028661;0.2427259;30;7.5711;697.05;0.022976;372.61;;;;300
5000;0;1.031970444;500000;81.8939;0.96687;0.97162;0.99931;1.7935;0.040947;0.2831584;30;10.153;740.42;0.025373;634.25;;;;500
5000;0.2;0.203470866;100010;166.1895;0.762;0.53906;0.9977;0.83567;0.01662;0.1395331;30;4.4113;623.82;0.022099;86.82;;;;100.01
5000;0.2;0.610351563;300000;95.0688;0.88771;0.83824;0.9988;1.39;0.028521;0.2439174;30;7.5807;697.67;0.022801;278.98;;;;300
5000;0.2;1.017252604;500000;81.5867;0.96426;0.96334;0.99931;1.7968;0.040793;0.2842245;30;10.163;741.49;0.025231;513.18;;;;500
5000;0.4;0.195038711;100010;163.7537;0.75527;0.51413;0.9977;0.84123;0.016377;0.1416086;30;4.4233;626.51;0.021631;29.93;;;;100.01
5000;0.4;0.585057628;300000;93.6569;0.87977;0.81154;0.9988;1.4008;0.028097;0.2475945;30;7.6073;699.52;0.022287;184.86;;;;300
5000;0.4;0.975096047;500000;80.651;0.9568;0.94183;0.99931;1.8069;0.040325;0.287522;30;10.192;744.49;0.024799;392.11;;;;500
5000;0.4;1.365134466;700000;77.0103;1.0187;1.035;0.99964;2.1699;0.053907;0.3011148;30;12.69;785.07;0.027604;657.31;;;;700
5000;0.6;0.548837379;300000;91.3761;0.86881;0.75579;0.9988;1.418;0.027413;0.2537747;30;7.6501;702.88;0.021476;89.03;;;;300
5000;0.6;0.914728966;500000;79.0389;0.9462;0.90811;0.99931;1.8252;0.039519;0.2933861;30;10.244;749.32;0.024058;269.6;;;;500
5000;0.6;1.280620552;700000;75.0973;1.0079;1.0049;0.99964;2.2132;0.052568;0.308785;30;12.815;785.21;0.026394;512.32;;;;700
6000;0;0.22640527;100010;158.5805;0.75552;0.56496;0.9977;0.76333;0.015859;0.1462281;30;4.0659;620.74;0.023085;138.55;;;;100.01
6000;0;0.679147896;300000;92.1123;0.89371;0.86685;0.9988;1.2932;0.027634;0.2517462;30;7.1102;695.46;0.023749;371.69;;;;300
6000;0;1.13191316;500000;80.2713;0.97716;0.99365;0.99931;1.6948;0.040136;0.2888822;30;9.6771;741.84;0.026321;649.93;;;;500
6000;0.2;0.223032493;100010;157.9807;0.75377;0.5557;0.9977;0.76431;0.015799;0.1467834;30;4.068;621.86;0.022968;87.44;;;;100.01
6000;0.2;0.669030575;300000;91.7195;0.89179;0.8593;0.9988;1.2964;0.027516;0.2528245;30;7.1203;696.21;0.023584;285.5;;;;300
6000;0.2;1.115050958;500000;79.8687;0.97485;0.98772;0.99931;1.7015;0.039934;0.2903381;30;9.696;741.91;0.026086;537.45;;;;500
6000;0.4;0.213268222;100010;156.0499;0.74639;0.52965;0.9977;0.7679;0.015606;0.1485994;30;4.0753;624.88;0.022582;36.07;;;;100.01
6000;0.4;0.639740692;300000;90.3966;0.8833;0.83526;0.9988;1.3066;0.027119;0.2565244;30;7.1447;697.95;0.023063;198.73;;;;300
6000;0.4;1.066234486;500000;78.8966;0.9654;0.96752;0.99931;1.7146;0.039448;0.2939153;30;9.7341;744.01;0.02557;424.69;;;;500
6000;0.6;0.598312758;300000;88.2518;0.87117;0.78861;0.9988;1.3235;0.026476;0.2627587;30;7.1868;700.93;0.022227;110.45;;;;300
6000;0.6;0.99718793;500000;77.4428;0.95337;0.93511;0.99931;1.7308;0.038721;0.2994329;30;9.7818;748.84;0.024859;310.21;;;;500
6000;0.6;1.396063102;700000;75.01;1.0196;1.0325;0.99964;2.1084;0.052507;0.3091447;30;12.355;790.44;0.027673;581.49;;;;700
7000;0;0.252671736;100010;150.873;0.7458;0.58278;0.9977;0.69772;0.015089;0.1536983;30;3.7496;618.98;0.024028;134.33;;;;100.01
7000;0;0.757939415;300000;89.1036;0.89672;0.88807;0.9988;1.2073;0.026731;0.2602468;30;6.69;694.3;0.024601;373.22;;;;300
7000;0;1.263232359;500000;79.3653;0.98686;1.0206;0.99931;1.6017;0.039683;0.2921796;30;9.2539;746.11;0.027529;672.32;;;;500
7000;0.2;0.2479177;100010;150.4592;0.74358;0.57311;0.9977;0.69798;0.015047;0.154121;30;3.7498;620.29;0.023954;88.13;;;;100.01
7000;0.2;0.743678731;300000;88.73;0.895;0.88102;0.9988;1.21;0.026619;0.2613426;30;6.6972;695.11;0.024443;293.56;;;;300
7000;0.2;1.239464551;500000;78.9841;0.98466;1.0134;0.99931;1.6082;0.039492;0.2935897;30;9.2725;746.04;0.027286;567.44;;;;500
7000;0.4;0.236234794;100010;149.0322;0.73617;0.54607;0.9977;0.69971;0.014905;0.1555968;30;3.7529;623.75;0.023668;41.84;;;;100.01
7000;0.4;0.708633518;300000;87.5711;0.88849;0.85794;0.9988;1.2192;0.026271;0.2648013;30;6.7208;697.11;0.023943;213.75;;;;300
7000;0.4;1.181055864;500000;77.7861;0.97845;0.99417;0.99931;1.6283;0.038893;0.2981117;30;9.3283;745.86;0.026542;463.03;;;;500
7000;0.6;0.658790461;300000;85.5465;0.8753;0.81754;0.9988;1.2353;0.025664;0.2710681;30;6.7606;699.79;0.023085;132.39;;;;300
7000;0.6;1.097984101;500000;76.3038;0.96364;0.96034;0.99931;1.6478;0.038152;0.3039025;30;9.3839;749.26;0.02573;355.89;;;;500
8000;0;0.287690936;100010;144.0688;0.73313;0.59983;0.9977;0.6341;0.014408;0.1609573;30;3.447;617.73;0.025247;130.09;;;;100.01
8000;0;0.862986509;300000;86.4881;0.901;0.90391;0.9988;1.1301;0.025946;0.268117;30;6.3128;693.61;0.025511;378;;;;300
8000;0;1.438310848;500000;78.9443;0.99951;1.0562;0.99931;1.515;0.039472;0.2937378;30;8.8729;752.75;0.028949;700.07;;;;500
8000;0.2;0.281409156;100010;143.695;0.73103;0.58979;0.9977;0.63438;0.014371;0.1613761;30;3.4474;618.98;0.02517;88.62;;;;100.01
8000;0.2;0.844143054;300000;86.1701;0.89924;0.89854;0.9988;1.1323;0.025851;0.2691065;30;6.319;694.52;0.025367;304.34;;;;300
8000;0.2;1.40690509;500000;78.5615;0.99687;1.0475;0.99931;1.5221;0.039281;0.295169;30;8.8935;752.29;0.028674;602.42;;;;500
8000;0.4;0.266238952;100010;142.5325;0.72484;0.56198;0.9977;0.63539;0.014254;0.1626923;30;3.449;622.61;0.024927;47.07;;;;100.01
8000;0.4;0.798636993;300000;85.1718;0.89406;0.88219;0.9988;1.1398;0.025552;0.2722606;30;6.3395;697;0.024908;230.66;;;;300
8000;0.4;1.331061655;500000;77.4456;0.98959;1.0236;0.99931;1.5424;0.038723;0.2994223;30;8.9524;751.37;0.027895;505.7;;;;500
8000;0.6;0.245086507;100010;140.2443;0.71092;0.5214;0.9977;0.63874;0.014026;0.1653467;30;3.4553;627.63;0.024398;5.17;;;;100.01
8000;0.6;0.735186002;300000;83.3537;0.88158;0.84457;0.9988;1.1548;0.025006;0.2781993;30;6.3787;699.82;0.02406;155.91;;;;300
8000;0.6;1.225310003;500000;75.6868;0.97791;0.99214;0.99931;1.5716;0.037843;0.3063802;30;9.0345;751.61;0.026763;406.41;;;;500
